病毒種類,縣市,鄉鎮市區,緯度,經度,爆發日期,死亡及撲殺數,家禽種類,位置
H5N1,桃園市,蘆竹區,25.0435,121.1326,2012/7/7,38,走私寵物鳥,走私寵物鳥
H5N2,臺南市,六甲區,23.245846,120.309696,2012/2/7,4840,雞,禽場
H5N2,彰化縣,芳苑鄉,23.909667,120.359983,2012/2/22,9625,雞,禽場
H5N2,彰化縣,竹塘鄉,23.86028,120.42694,2012/3/5,8647,雞,禽場
H5N2,屏東縣,鹽埔鄉,22.727691,120.534825,2012/3/15,7747,雞,屠宰場
H5N2,雲林縣,北港鎮,23.555863,120.284898,2012/5/7,15461,雞,禽場
H5N2,澎湖縣,馬公市,23.54056,119.61552,2012/11/17,831,雞,禽場
H5N2,臺北市,萬華區,25.030189,121.489521,2014/4/15,2,雞,不明
H5N2,屏東縣,新埤鄉,22.51628611,120.6036806,2015/1/6,122285,雞,禽場
H5N2,雲林縣,口湖鄉,23.586876,120.200224,2015/1/7,4100,鵝,禽場
H5N2,屏東縣,萬丹鄉,22.58544,120.51125,2015/1/8,2500,鵝,禽場
H5N2,雲林縣,四湖鄉,23.65075,120.21661,2015/1/8,2200,鵝,禽場
H5N2,嘉義縣,水上鄉,23.433436,120.379694,2015/1/8,4650,鵝,禽場
H5N2,雲林縣,口湖鄉,23.619,120.19562,2015/1/8,4950,鵝,禽場
H5N2,屏東縣,萬丹鄉,22.53339,120.4804,2015/1/8,7000,鴨,禽場
H5N2,雲林縣,四湖鄉,23.65433,120.21352,2015/1/8,2640,鵝,禽場
H5N2,雲林縣,四湖鄉,23.65638,120.216363,2015/1/8,7600,鵝,禽場
H5N2,雲林縣,口湖鄉,23.619099,120.194312,2015/1/9,2300,鵝,禽場
H5N2,雲林縣,口湖鄉,23.619148,120.194997,2015/1/9,2400,鵝,禽場
H5N2,雲林縣,四湖鄉,23.63735,120.201412,2015/1/9,3000,鵝,禽場
H5N2,雲林縣,四湖鄉,23.615725,120.205,2015/1/9,1800,鵝,禽場
H5N2,嘉義縣,布袋鎮,23.43529,120.20765,2015/1/9,8000,鵝,禽場
H5N2,雲林縣,臺西鄉,23.728753,120.233574,2015/1/9,2400,鵝,禽場
H5N2,嘉義縣,布袋鎮,23.430437,120.20812,2015/1/10,4960,鵝,禽場
H5N2,雲林縣,四湖鄉,23.62951,120.19067,2015/1/11,5000,鵝,禽場
H5N2,雲林縣,東勢鄉,23.68066,120.24554,2015/1/11,2430,鵝,禽場
H5N2,雲林縣,口湖鄉,23.579817,120.19533,2015/1/11,1100,鵝,禽場
H5N2,屏東縣,麟洛鄉,22.6213889,120.50075,2015/1/11,2400,鵝,禽場
H5N2,屏東縣,竹田鄉,22.5831389,120.5,2015/1/11,1300,鵝,禽場
H5N2,彰化縣,大城鄉,23.858251,120.28929,2015/1/11,2400,鵝,禽場
H5N2,嘉義縣,布袋鎮,23.43631,120.34915,2015/1/11,3600,鵝,禽場
H5N2,雲林縣,口湖鄉,23.584769,120.20178,2015/1/11,2200,鵝,禽場
H5N2,桃園市,大園區,25.045306,121.18822,2015/1/12,3198,鵝,不明
H5N2,雲林縣,四湖鄉,23.621047,120.1944,2015/1/12,1000,鵝,禽場
H5N2,雲林縣,口湖鄉,23.58738,120.20075,2015/1/12,6200,鵝,禽場
H5N2,雲林縣,東勢鄉,23.68665,120.2518,2015/1/12,3600,鵝,禽場
H5N2,雲林縣,麥寮鄉,23.782288,120.26055,2015/1/12,6270,鵝,禽場
H5N2,雲林縣,口湖鄉,23.59583,120.18694,2015/1/12,6500,鵝,禽場
H5N2,雲林縣,四湖鄉,23.614918,120.20528,2015/1/12,5190,鵝,禽場
H5N2,雲林縣,四湖鄉,23.626243,120.18299,2015/1/12,1560,鵝,禽場
H5N2,雲林縣,四湖鄉,23.62133,120.1958,2015/1/12,1300,鵝,禽場
H5N2,雲林縣,四湖鄉,23.655853,120.20757,2015/1/12,2200,鵝,禽場
H5N2,雲林縣,四湖鄉,23.645829,120.21333,2015/1/12,2428,鵝,禽場
H5N2,雲林縣,四湖鄉,23.653514,120.21893,2015/1/12,2400,鵝,禽場
H5N2,屏東縣,萬丹鄉,22.5843889,120.49733,2015/1/12,11810,鵝,禽場
H5N2,彰化縣,芳苑鄉,23.9743889,120.38289,2015/1/12,13000,鴨,禽場
H5N2,桃園市,平鎮區,24.956805,121.19822,2015/1/12,2100,鵝,禽場
H5N2,嘉義縣,布袋鎮,23.42746,120.21759,2015/1/12,2795,鵝,禽場
H5N2,屏東縣,潮州鎮,22.5578,120.516,2015/1/12,2450,鵝,禽場
H5N2,屏東縣,竹田鄉,22.5706,120.526,2015/1/12,2380,鵝,禽場
H5N2,屏東縣,竹田鄉,22.5753,120.496,2015/1/12,4800,鵝,禽場
H5N2,屏東縣,竹田鄉,22.6059,120.455,2015/1/12,2400,鵝,禽場
H5N2,屏東縣,竹田鄉,22.618,120.501,2015/1/12,2900,鵝,禽場
H5N2,屏東縣,竹田鄉,22.617,120.5,2015/1/12,4560,鵝,禽場
H5N2,屏東縣,萬丹鄉,22.5859,120.49,2015/1/12,4800,鵝,禽場
H5N2,屏東縣,竹田鄉,22.6106,120.504,2015/1/12,3000,鵝,禽場
H5N2,雲林縣,麥寮鄉,23.7998,120.273,2015/1/13,12000,鵝,禽場
H5N2,雲林縣,東勢鄉,23.7098,120.258,2015/1/13,3600,鵝,禽場
H5N2,雲林縣,東勢鄉,23.6967,120.235,2015/1/13,3600,鵝,禽場
H5N2,屏東縣,竹田鄉,22.6179,120.503,2015/1/13,2200,鵝,禽場
H5N2,屏東縣,竹田鄉,22.618,120.501,2015/1/13,3500,鵝,禽場
H5N2,屏東縣,萬丹鄉,22.6156,120.5,2015/1/13,2520,鵝,禽場
H5N2,屏東縣,萬丹鄉,22.5997,120.509,2015/1/13,9000,混合,禽場
H5N2,屏東縣,南州鄉,22.4797,120.531,2015/1/13,2500,鵝,禽場
H5N2,雲林縣,臺西鄉,23.7249,120.241,2015/1/13,2580,鵝,禽場
H5N2,雲林縣,臺西鄉,23.7141,120.228,2015/1/13,5500,鵝,禽場
H5N2,雲林縣,四湖鄉,23.6484,120.222,2015/1/13,2200,鵝,禽場
H5N2,雲林縣,四湖鄉,23.6247,120.184,2015/1/13,1200,鵝,禽場
H5N2,高雄市,美濃區,22.8873,120.561,2015/1/13,3000,鵝,禽場
H5N2,彰化縣,竹塘鄉,23.8627,120.409,2015/1/13,1200,鵝,禽場
H5N2,屏東縣,竹田鄉,22.6179,120.501,2015/1/13,2200,鵝,禽場
H5N2,雲林縣,東勢鄉,23.7128,120.247,2015/1/14,2600,鵝,禽場
H5N2,雲林縣,東勢鄉,23.6833,120.23,2015/1/14,5033,鵝,禽場
H5N2,雲林縣,東勢鄉,23.6876,120.247,2015/1/14,1650,鵝,禽場
H5N2,屏東縣,內埔鄉,22.6736,120.569,2015/1/14,16000,鵝,禽場
H5N2,屏東縣,內埔鄉,22.6924,120.483,2015/1/14,6800,鵝,禽場
H5N2,屏東縣,竹田鄉,22.6156,120.512,2015/1/14,4700,鵝,禽場
H5N2,屏東縣,竹田鄉,22.5831,120.5,2015/1/14,2600,鵝,禽場
H5N2,屏東縣,萬丹鄉,22.6198,120.449,2015/1/14,3600,鵝,禽場
H5N2,屏東縣,萬丹鄉,22.5648,120.491,2015/1/14,4500,鵝,禽場
H5N2,屏東縣,萬丹鄉,22.5869,120.49,2015/1/14,3200,鵝,禽場
H5N2,屏東縣,枋寮鄉,22.4494,120.567,2015/1/14,4540,鵝,禽場
H5N2,屏東縣,屏東市,22.6341,120.468,2015/1/14,950,鵝,禽場
H5N2,屏東縣,屏東市,22.6416,120.483,2015/1/14,1300,鵝,禽場
H5N2,屏東縣,竹田鄉,22.6248,120.506,2015/1/14,4100,鵝,禽場
H5N2,屏東縣,竹田鄉,22.6244,120.505,2015/1/14,4100,鵝,禽場
H5N2,嘉義縣,布袋鎮,23.4289,120.217,2015/1/14,2800,鵝,禽場
H5N2,嘉義縣,東石鄉,23.4284,120.215,2015/1/14,7320,鵝,禽場
H5N2,雲林縣,四湖鄉,23.6517,120.239,2015/1/14,3300,鵝,禽場
H5N2,雲林縣,四湖鄉,23.6337,120.194,2015/1/14,1240,鵝,禽場
H5N2,雲林縣,四湖鄉,23.6527,120.24,2015/1/14,3700,鵝,禽場
H5N2,嘉義縣,太保市,23.4513,120.347,2015/1/14,2980,鵝,禽場
H5N2,彰化縣,伸港鄉,24.1579,120.479,2015/1/14,50,雞,禽場
H5N2,雲林縣,四湖鄉,23.6351,120.205,2015/1/14,2500,鵝,禽場
H5N2,嘉義縣,布袋鎮,23.4258,120.209,2015/1/14,4720,鵝,禽場
H5N2,嘉義縣,布袋鎮,23.4301,120.209,2015/1/14,2140,鵝,禽場
H5N2,雲林縣,四湖鄉,23.6341,120.182,2015/1/14,2000,鵝,禽場
H5N2,屏東縣,竹田鄉,22.62,120.5,2015/1/14,2500,鵝,禽場
H5N2,雲林縣,四湖鄉,23.6353,120.205,2015/1/14,2600,鵝,禽場
H5N2,屏東縣,萬丹鄉,22.6115,120.501,2015/1/14,7800,鴨,禽場
H5N2,屏東縣,萬丹鄉,22.6039,120.485,2015/1/14,6700,鵝,禽場
H5N2,屏東縣,萬丹鄉,22.6242,120.5,2015/1/14,2500,鵝,禽場
H5N2,雲林縣,臺西鄉,23.7354,120.221,2015/1/15,1100,鵝,禽場
H5N2,雲林縣,虎尾鎮,23.7358,120.49,2015/1/15,3800,鵝,禽場
H5N2,雲林縣,東勢鄉,23.7287,120.254,2015/1/15,4900,鵝,禽場
H5N2,雲林縣,口湖鄉,23.6116,120.171,2015/1/15,1300,鵝,禽場
H5N2,雲林縣,口湖鄉,23.6127,120.179,2015/1/15,4550,鵝,禽場
H5N2,嘉義縣,水上鄉,23.415,120.357,2015/1/15,820,鵝,禽場
H5N2,嘉義縣,布袋鎮,23.4275,120.218,2015/1/15,2950,鵝,禽場
H5N2,雲林縣,四湖鄉,23.63692,120.201,2015/1/16,900,鵝,禽場
H5N2,雲林縣,四湖鄉,23.63599,120.2,2015/1/16,1600,鵝,禽場
H5N2,雲林縣,四湖鄉,23.63735,120.201,2015/1/16,2200,鵝,禽場
H5N2,雲林縣,四湖鄉,23.6379,120.201,2015/1/16,2000,鵝,禽場
H5N2,雲林縣,四湖鄉,23.60955,120.206,2015/1/16,2550,鵝,禽場
H5N2,雲林縣,四湖鄉,23.65503,120.216,2015/1/16,5000,鵝,禽場
H5N2,雲林縣,麥寮鄉,23.7854,120.277,2015/1/16,3550,鴨,禽場
H5N2,雲林縣,口湖鄉,23.62023,120.159,2015/1/16,2240,鵝,禽場
H5N2,屏東縣,竹田鄉,22.61012,120.516,2015/1/16,2600,鵝,禽場
H5N2,屏東縣,竹田鄉,22.61014,120.517,2015/1/16,3200,鵝,禽場
H5N2,屏東縣,里港鄉,22.82802,120.518,2015/1/16,2570,鵝,禽場
H5N2,高雄市,路竹區,22.85572,120.272,2015/1/16,1904,鵝,禽場
H5N2,彰化縣,芳苑鄉,23.94146,120.378,2015/1/16,7390,鵝,禽場
H5N2,彰化縣,芳苑鄉,23.9362,120.35,2015/1/16,9000,鵝,禽場
H5N2,雲林縣,東勢鄉,23.70995,120.251,2015/1/16,4760,鵝,禽場
H5N2,雲林縣,東勢鄉,23.6805,120.237,2015/1/16,11500,鵝,禽場
H5N2,雲林縣,東勢鄉,23.70151,120.24,2015/1/16,4800,鵝,禽場
H5N2,雲林縣,東勢鄉,23.72417,120.267,2015/1/16,3200,鵝,禽場
H5N2,雲林縣,東勢鄉,23.7344,120.258,2015/1/16,3600,鵝,禽場
H5N2,雲林縣,東勢鄉,23.71646,120.247,2015/1/16,2200,鵝,禽場
H5N2,雲林縣,東勢鄉,23.67805,120.234,2015/1/16,3480,鵝,禽場
H5N2,嘉義縣,東石鄉,23.49849,120.177,2015/1/16,1500,鵝,禽場
H5N2,嘉義縣,大林鎮,23.62246,120.417,2015/1/16,1950,鵝,禽場
H5N2,高雄市,美濃區,22.8935,120.289,2015/1/16,3000,鴨,禽場
H5N2,高雄市,阿蓮區,22.85806,120.523,2015/1/16,2930,鵝,禽場
H5N2,雲林縣,四湖鄉,23.60384,120.219,2015/1/17,2400,鵝,禽場
H5N2,雲林縣,四湖鄉,23.73131,120.254,2015/1/17,2200,鵝,禽場
H5N2,雲林縣,四湖鄉,23.65322,120.24,2015/1/17,5500,鵝,禽場
H5N2,雲林縣,四湖鄉,23.65246,120.241,2015/1/17,19000,鵝,禽場
H5N2,雲林縣,東勢鄉,23.72074,120.257,2015/1/17,2400,鵝,禽場
H5N2,雲林縣,東勢鄉,23.72777,120.242,2015/1/17,2780,鵝,禽場
H5N2,雲林縣,東勢鄉,23.71994,120.244,2015/1/17,2600,鵝,禽場
H5N2,雲林縣,臺西鄉,23.74526,120.24,2015/1/17,2500,鵝,禽場
H5N2,雲林縣,臺西鄉,23.74651,120.236,2015/1/17,3600,鵝,禽場
H5N2,雲林縣,元長鄉,23.64484,120.331,2015/1/17,3600,鵝,禽場
H5N2,嘉義縣,太保市,23.45206,120.3296,2015/1/17,10000,雞,禽場
H5N2,屏東縣,長治鄉,22.689694,120.5722,2015/1/17,22000,鵝,禽場
H5N2,屏東縣,屏東市,22.63575,120.5072,2015/1/17,1800,鵝,禽場
H5N2,屏東縣,潮州鎮,22.518306,120.5444,2015/1/17,2320,鵝,禽場
H5N2,彰化縣,芳苑鄉,23.97136,120.375,2015/1/18,28220,雞,禽場
H5N2,雲林縣,水林鄉,23.55408,120.206,2015/1/18,1500,鵝,禽場
H5N2,雲林縣,臺西鄉,23.74039,120.216,2015/1/18,3600,鵝,禽場
H5N2,雲林縣,臺西鄉,23.72396,120.232,2015/1/18,12100,鴨,禽場
H5N2,雲林縣,臺西鄉,23.67703,120.199,2015/1/18,3300,鵝,禽場
H5N2,雲林縣,臺西鄉,23.6815,120.222,2015/1/18,2200,鵝,禽場
H5N2,雲林縣,東勢鄉,23.67215,120.25,2015/1/18,4800,鵝,禽場
H5N2,雲林縣,東勢鄉,23.7186,120.254,2015/1/18,2260,鵝,禽場
H5N2,雲林縣,東勢鄉,23.71916,120.272,2015/1/18,1690,鵝,禽場
H5N2,雲林縣,口湖鄉,23.61669,120.175,2015/1/18,5000,鵝,禽場
H5N2,雲林縣,四湖鄉,23.63563,120.177,2015/1/18,8100,鴨,禽場
H5N2,嘉義縣,太保市,23.50538,120.366,2015/1/18,2200,鵝,禽場
H5N2,嘉義縣,東石鄉,23.4265,120.206,2015/1/18,2800,鵝,禽場
H5N2,屏東縣,萬丹鄉,22.617944,120.4574,2015/1/18,2400,鵝,禽場
H5N2,屏東縣,屏東市,22.6415,120.4834,2015/1/18,1700,鵝,禽場
H5N2,彰化縣,芳苑鄉,23.98453,120.365,2015/1/19,3700,鵝,禽場
H5N2,彰化縣,芳苑鄉,23.97953,120.385,2015/1/19,49000,雞,禽場
H5N2,雲林縣,東勢鄉,23.70256,120.249,2015/1/19,2400,鵝,禽場
H5N2,雲林縣,東勢鄉,23.69266,120.244,2015/1/19,2300,鵝,禽場
H5N2,雲林縣,四湖鄉,23.63971,120.186,2015/1/19,3600,鵝,禽場
H5N2,雲林縣,麥寮鄉,23.78536,120.244,2015/1/19,3000,鵝,禽場
H5N2,雲林縣,水林鄉,23.58079,120.235,2015/1/19,1225,鵝,禽場
H5N2,雲林縣,元長鄉,23.67559,120.291,2015/1/19,2400,鵝,禽場
H5N2,嘉義縣,布袋鎮,23.43638,120.217,2015/1/19,3000,鵝,禽場
H5N2,嘉義縣,布袋鎮,23.434,120.21,2015/1/19,2400,鵝,禽場
H5N2,嘉義縣,布袋鎮,23.4294,120.211,2015/1/19,5300,鵝,禽場
H5N2,嘉義縣,布袋鎮,23.42544,120.207,2015/1/19,5100,鵝,禽場
H5N2,嘉義縣,布袋鎮,23.56833,120.416,2015/1/19,2800,鵝,禽場
H5N2,屏東縣,長治鄉,22.713667,120.5489,2015/1/19,3200,鵝,禽場
H5N2,屏東縣,鹽埔鄉,22.72375,120.5618,2015/1/19,7050,鵝,禽場
H5N2,雲林縣,東勢鄉,23.7245,120.256,2015/1/19,2650,鵝,禽場
H5N2,雲林縣,東勢鄉,23.7096,120.277,2015/1/19,2320,鵝,禽場
H5N2,臺東縣,臺東市,22.722068,121.126376,2015/1/19,1,野鳥,野鳥
H5N2,彰化縣,大城鄉,23.8577,120.277,2015/1/20,20700,雞,禽場
H5N2,彰化縣,大城鄉,23.858,120.28,2015/1/20,44300,雞,禽場
H5N2,臺中市,外埔區,24.3488,120.713,2015/1/20,700,雞,禽場
H5N2,彰化縣,大城鄉,23.8777,120.292,2015/1/20,13200,雞,禽場
H5N2,雲林縣,四湖鄉,23.6218,120.228,2015/1/20,7962,鵝,禽場
H5N2,雲林縣,東勢鄉,23.6669,120.238,2015/1/20,5700,鵝,禽場
H5N2,雲林縣,臺西鄉,23.6828,120.215,2015/1/20,2800,鵝,禽場
H5N2,雲林縣,臺西鄉,23.7126,120.205,2015/1/20,6600,鵝,禽場
H5N2,雲林縣,臺西鄉,23.7548,120.226,2015/1/20,3960,鵝,禽場
H5N2,雲林縣,臺西鄉,23.7197,120.236,2015/1/20,3500,鵝,禽場
H5N2,雲林縣,臺西鄉,23.7188,120.231,2015/1/20,2400,鵝,禽場
H5N2,嘉義縣,水上鄉,23.4324,120.378,2015/1/20,3600,鵝,禽場
H5N2,嘉義縣,布袋鎮,23.4251,120.218,2015/1/20,2490,鵝,禽場
H5N2,嘉義縣,布袋鎮,23.4232,120.213,2015/1/20,2530,鵝,禽場
H5N2,臺南市,後壁區,23.3557,120.338,2015/1/20,3200,鵝,禽場
H5N2,屏東縣,潮州鎮,22.5305,120.569,2015/1/20,3100,鵝,禽場
H5N2,屏東縣,屏東市,22.6406,120.491,2015/1/20,3000,鵝,禽場
H5N2,屏東縣,長治鄉,22.7119,120.559,2015/1/20,3600,鵝,禽場
H5N2,屏東縣,新埤鄉,22.493,120.587,2015/1/20,75000,雞,禽場
H5N2,屏東縣,潮州鎮,22.53,120.563,2015/1/20,11700,雞,禽場
H5N2,雲林縣,土庫鎮,23.6897,120.362,2015/1/20,2520,鵝,禽場
H5N2,屏東縣,屏東市,22.6224,120.494,2015/1/20,1720,鵝,禽場
H5N2,雲林縣,東勢鄉,23.703335,120.265798,2015/1/20,2800,鵝,禽場
H5N2,臺中市,外埔區,24.3471,120.708,2015/1/21,759,鵝,禽場
H5N2,臺中市,外埔區,24.3488,120.713,2015/1/21,900,鴨,禽場
H5N2,彰化縣,竹塘鄉,23.8674,120.413,2015/1/21,2278,鵝,禽場
H5N2,雲林縣,東勢鄉,23.714,120.24,2015/1/21,4200,鵝,禽場
H5N2,雲林縣,東勢鄉,23.6857,120.264,2015/1/21,3300,鵝,禽場
H5N2,雲林縣,東勢鄉,23.7206,120.269,2015/1/21,6080,鵝,禽場
H5N2,雲林縣,東勢鄉,23.7178,120.266,2015/1/21,1008,火雞,禽場
H5N2,雲林縣,臺西鄉,23.7429,120.221,2015/1/21,2600,鵝,禽場
H5N2,雲林縣,臺西鄉,23.7542,120.226,2015/1/21,5012,鵝,禽場
H5N2,雲林縣,麥寮鄉,23.7372,120.259,2015/1/21,3600,鵝,禽場
H5N2,雲林縣,麥寮鄉,23.7828,120.277,2015/1/21,2400,鵝,禽場
H5N2,雲林縣,麥寮鄉,23.7961,120.269,2015/1/21,800,鵝,禽場
H5N2,雲林縣,麥寮鄉,23.7854,120.271,2015/1/21,2600,鵝,禽場
H5N2,雲林縣,麥寮鄉,23.8052,120.269,2015/1/21,2400,鵝,禽場
H5N2,雲林縣,口湖鄉,23.6218,120.182,2015/1/21,12400,鵝,禽場
H5N2,嘉義縣,布袋鎮,23.4249,120.205,2015/1/21,4200,鵝,禽場
H5N2,嘉義縣,民雄鄉,23.5674,120.425,2015/1/21,2800,鵝,禽場
H5N2,屏東縣,屏東市,22.6197,120.501,2015/1/21,2400,鵝,禽場
H5N2,屏東縣,新埤鄉,22.5098,120.565,2015/1/21,2470,鴨,禽場
H5N2,屏東縣,萬丹鄉,22.6113,120.493,2015/1/21,5500,鴨,禽場
H5N2,屏東縣,萬丹鄉,22.613,120.492,2015/1/21,5000,鴨,禽場
H5N2,彰化縣,芳苑鄉,23.9971,120.364,2015/1/22,4600,鵝,禽場
H5N2,彰化縣,芳苑鄉,23.9523,120.382,2015/1/22,2200,鵝,禽場
H5N2,彰化縣,二林鎮,23.8691,120.39,2015/1/22,1200,鴨,禽場
H5N2,彰化縣,大城鄉,23.8622,120.295,2015/1/22,8000,雞,禽場
H5N2,雲林縣,東勢鄉,23.6999,120.27,2015/1/22,2600,鵝,禽場
H5N2,雲林縣,東勢鄉,23.6994,120.238,2015/1/22,3000,鵝,禽場
H5N2,雲林縣,東勢鄉,23.6736,120.264,2015/1/22,5600,鵝,禽場
H5N2,雲林縣,臺西鄉,23.7238,120.23,2015/1/22,2400,鵝,禽場
H5N2,雲林縣,臺西鄉,23.741,120.233,2015/1/22,3600,鵝,禽場
H5N2,雲林縣,臺西鄉,23.7528,120.219,2015/1/22,47850,雞,禽場
H5N2,雲林縣,水林鄉,23.602,120.239,2015/1/22,2360,鵝,禽場
H5N2,雲林縣,水林鄉,23.5566,120.202,2015/1/22,2000,鵝,禽場
H5N2,雲林縣,斗南鎮,23.6598,120.506,2015/1/22,9800,鵝,禽場
H5N2,屏東縣,潮州鎮,22.5286,120.554,2015/1/22,17000,雞,禽場
H5N2,屏東縣,新園鄉,23.7659,120.368,2015/1/22,56000,雞,禽場
H5N2,新竹縣,新豐鄉,24.897565,120.988288,2015/1/22,120,鵝,屠宰場
H5N2,屏東縣,潮州鎮,22.5183,120.542,2015/1/22,28500,雞,禽場
H5N2,雲林縣,口湖鄉,23.61398,120.20075,2015/1/22,5320,鴨,禽場
H5N2,彰化縣,大城鄉,23.843532,120.328833,2015/1/23,2400,鵝,禽場
H5N2,雲林縣,四湖鄉,23.61552,120.24033,2015/1/23,2400,鵝,禽場
H5N2,雲林縣,口湖鄉,23.621719,120.183285,2015/1/23,1360,鵝,禽場
H5N2,雲林縣,麥寮鄉,23.746959,120.248786,2015/1/23,1600,鵝,禽場
H5N2,雲林縣,臺西鄉,23.684699,120.194368,2015/1/23,9700,雞,禽場
H5N2,雲林縣,東勢鄉,23.715648,120.245881,2015/1/23,3000,鵝,禽場
H5N2,雲林縣,東勢鄉,23.7344,120.2582,2015/1/23,3500,鵝,禽場
H5N2,嘉義縣,鹿草鄉,23.400639,120.3436,2015/1/23,2260,鵝,禽場
H5N2,臺南市,後壁區,23.37675,120.32003,2015/1/23,1700,鵝,禽場
H5N2,屏東縣,長治鄉,22.683833,120.556333,2015/1/23,8090,鵝,禽場
H5N2,屏東縣,高樹鄉,22.814306,120.571611,2015/1/23,26000,雞,禽場
H5N2,屏東縣,高樹鄉,22.815083,120.563389,2015/1/23,33000,雞,禽場
H5N2,屏東縣,鹽埔鄉,22.72674,120.5361,2015/1/23,3300,雞,屠宰場
H5N2,彰化縣,大城鄉,23.848069,120.306321,2015/1/24,2000,鵝,禽場
H5N2,雲林縣,麥寮鄉,23.761503,120.245481,2015/1/24,25100,雞,禽場
H5N2,雲林縣,元長鄉,23.6482,120.28061,2015/1/24,8300,鵝,禽場
H5N2,雲林縣,元長鄉,23.62571,120.32153,2015/1/24,3840,鵝,禽場
H5N2,雲林縣,元長鄉,23.675399,120.288755,2015/1/24,2400,鵝,禽場
H5N2,雲林縣,東勢鄉,23.70701,120.27153,2015/1/24,2400,鵝,禽場
H5N2,雲林縣,臺西鄉,23.752,120.2315,2015/1/24,2400,鵝,禽場
H5N2,雲林縣,臺西鄉,23.718041,120.231939,2015/1/24,520,鵝,禽場
H5N2,嘉義縣,朴子市,23.420414,120.242444,2015/1/24,5040,鵝,禽場
H5N2,屏東縣,長治鄉,22.70879,120.55873,2015/1/24,2835,鵝,禽場
H5N2,屏東縣,里港鄉,22.812444,120.476222,2015/1/24,27600,雞,禽場
H5N2,南投縣,竹山鎮,23.7466,120.676,2015/1/24,3096,雞,屠宰場
H5N2,臺南市,新市區,23.0841,120.333,2015/1/24,6000,鴨,禽場
H5N2,雲林縣,四湖鄉,23.6216,120.184,2015/1/24,9500,鵝,禽場
H5N2,彰化縣,芳苑鄉,23.9615,120.355,2015/1/25,2700,鵝,禽場
H5N2,彰化縣,大城鄉,23.8567,120.307,2015/1/25,2700,火雞,禽場
H5N2,彰化縣,竹塘鄉,23.8442,120.385,2015/1/25,2400,鵝,禽場
H5N2,雲林縣,二崙鄉,23.761,120.414,2015/1/25,5700,鵝,禽場
H5N2,雲林縣,褒忠鄉,23.7067,120.298,2015/1/25,2500,鵝,禽場
H5N2,雲林縣,斗南鎮,23.6685,120.5,2015/1/25,2100,鵝,禽場
H5N2,雲林縣,元長鄉,23.6261,120.312,2015/1/25,3300,鵝,禽場
H5N2,雲林縣,東勢鄉,23.6995,120.26,2015/1/25,19400,雞,禽場
H5N2,雲林縣,四湖鄉,23.6673,120.183,2015/1/25,2560,鵝,禽場
H5N2,雲林縣,四湖鄉,23.6224,120.23,2015/1/25,1800,鵝,禽場
H5N2,雲林縣,四湖鄉,23.6528,120.224,2015/1/25,10400,鵝,禽場
H5N2,臺南市,六甲區,23.2421,120.343,2015/1/25,1600,火雞,禽場
H5N2,屏東縣,高樹鄉,22.7721,120.555,2015/1/25,4800,鵝,禽場
H5N2,屏東縣,枋寮鄉,22.4003,120.588,2015/1/25,2400,鵝,禽場
H5N2,雲林縣,麥寮鄉,23.7878,120.244,2015/1/25,8026,雞,禽場
H5N2,臺中市,大安區,24.3375,120.568,2015/1/26,880,鴨,禽場
H5N2,彰化縣,大城鄉,23.8639,120.339,2015/1/26,1265,鵝,禽場
H5N2,彰化縣,大城鄉,23.8631,120.299,2015/1/26,25300,雞,禽場
H5N2,彰化縣,大城鄉,23.8415,120.299,2015/1/26,1270,鵝,禽場
H5N2,雲林縣,元長鄉,23.6312,120.316,2015/1/26,2950,鵝,禽場
H5N2,雲林縣,東勢鄉,23.6917,120.236,2015/1/26,2000,火雞,禽場
H5N2,雲林縣,東勢鄉,23.7416,120.242,2015/1/26,8300,雞,禽場
H5N2,雲林縣,東勢鄉,23.6804,120.223,2015/1/26,2720,鵝,禽場
H5N2,雲林縣,東勢鄉,23.7272,120.273,2015/1/26,10379,鵝,禽場
H5N2,雲林縣,東勢鄉,23.7156,120.25,2015/1/26,3000,鵝,禽場
H5N2,雲林縣,麥寮鄉,23.751,120.274,2015/1/26,4800,鵝,禽場
H5N2,雲林縣,四湖鄉,23.627,120.165,2015/1/26,2700,鵝,禽場
H5N2,嘉義縣,朴子市,23.4406,120.243,2015/1/26,2300,鵝,禽場
H5N2,嘉義縣,朴子市,23.4408,120.256,2015/1/26,2300,鵝,禽場
H5N2,高雄市,路竹區,22.855,120.286,2015/1/26,6950,鵝,禽場
H5N2,高雄市,阿蓮區,22.8937,120.293,2015/1/26,1130,鵝,禽場
H5N2,高雄市,路竹區,22.8599,120.274,2015/1/26,1200,鵝,禽場
H5N2,屏東縣,新園鄉,22.5233,120.437,2015/1/26,36900,雞,禽場
H5N2,屏東縣,新埤鄉,22.4825,120.581,2015/1/26,5000,鵝,禽場
H5N2,屏東縣,萬丹鄉,22.7361,120.526,2015/1/26,2300,鵝,禽場
H5N2,屏東縣,長治鄉,22.6832,120.551,2015/1/26,10200,雞,禽場
H5N2,雲林縣,土庫鎮,23.698733,120.33999,2015/1/27,1200,鵝,禽場
H5N2,雲林縣,元長鄉,23.626239,120.322345,2015/1/27,3260,鵝,禽場
H5N2,雲林縣,元長鄉,23.62624,120.32163,2015/1/27,2400,鵝,禽場
H5N2,雲林縣,水林鄉,23.554483,120.203906,2015/1/27,1250,鵝,禽場
H5N2,雲林縣,四湖鄉,23.65721,120.15437,2015/1/27,1500,鵝,禽場
H5N2,雲林縣,四湖鄉,23.658855,120.155331,2015/1/27,500,鵝,禽場
H5N2,雲林縣,四湖鄉,23.659613,120.162409,2015/1/27,1200,鵝,禽場
H5N2,雲林縣,東勢鄉,23.72656,120.2676,2015/1/27,2400,鵝,禽場
H5N2,雲林縣,東勢鄉,23.709888,120.274331,2015/1/27,2680,鵝,禽場
H5N2,雲林縣,臺西鄉,23.72032,120.23977,2015/1/27,12669,雞,禽場
H5N2,嘉義縣,水上鄉,23.4316,120.3758,2015/1/27,2440,鵝,禽場
H5N2,嘉義縣,民雄鄉,23.530284,120.471641,2015/1/27,1800,鵝,禽場
H5N2,臺南市,六甲區,23.23573,120.36846,2015/1/27,1100,火雞,禽場
H5N2,高雄市,路竹區,22.84776,120.28032,2015/1/27,2440,鵝,禽場
H5N2,屏東縣,鹽埔鄉,22.74859,120.54337,2015/1/27,4780,鵝,禽場
H5N2,屏東縣,鹽埔鄉,22.73996,120.59783,2015/1/27,7200,雞,禽場
H5N2,屏東縣,鹽埔鄉,22.74749,120.4869,2015/1/27,2400,鵝,禽場
H5N2,屏東縣,九如鄉,22.73975,120.47053,2015/1/28,10600,鵝,禽場
H5N2,屏東縣,高樹鄉,22.80286,120.55726,2015/1/28,22000,雞,禽場
H5N2,雲林縣,臺西鄉,23.71218,120.603474,2015/1/28,20000,雞,禽場
H5N2,雲林縣,元長鄉,23.63008,120.319093,2015/1/28,5400,鵝,禽場
H5N2,雲林縣,褒忠鄉,23.701306,120.2745,2015/1/28,1250,鵝,禽場
H5N2,雲林縣,元長鄉,23.66288,120.30441,2015/1/28,3600,鵝,禽場
H5N2,雲林縣,四湖鄉,23.65044,120.26848,2015/1/28,5400,鵝,禽場
H5N2,雲林縣,四湖鄉,23.634588,120.156917,2015/1/28,3700,鵝,禽場
H5N2,雲林縣,四湖鄉,23.639199,120.158255,2015/1/28,2400,鵝,禽場
H5N2,雲林縣,臺西鄉,23.745063,120.238857,2015/1/28,4800,鵝,禽場
H5N2,雲林縣,東勢鄉,23.702213,120.246667,2015/1/28,2400,鵝,禽場
H5N2,雲林縣,東勢鄉,23.718961,120.269182,2015/1/28,2600,鵝,禽場
H5N2,嘉義縣,新港鄉,23.519135,120.308653,2015/1/28,5000,鵝,禽場
H5N2,臺南市,歸仁區,22.94502,120.30396,2015/1/28,2400,鵝,禽場
H5N2,屏東縣,九如鄉,22.74519,120.5192,2015/1/29,2700,鵝,禽場
H5N2,屏東縣,萬巒鄉,22.60446,120.58001,2015/1/29,10088,鵝,禽場
H5N2,彰化縣,竹塘鄉,23.870383,120.414456,2015/1/29,3300,鵝,禽場
H5N2,雲林縣,虎尾鎮,23.729939,120.501697,2015/1/29,34500,雞,禽場
H5N2,雲林縣,二崙鄉,23.813794,120.386544,2015/1/29,23000,雞,禽場
H5N2,雲林縣,口湖鄉,23.614107,120.198898,2015/1/29,17129,鵝,禽場
H5N2,雲林縣,口湖鄉,23.620228,120.158709,2015/1/29,2420,鵝,禽場
H5N2,臺南市,仁德區,22.92151,120.25611,2015/1/29,5120,鵝,禽場
H5N2,高雄市,大寮區,22.558855,120.415444,2015/1/29,450,鵝,禽場
H5N2,新竹市,香山區,24.73762,120.88714,2015/1/30,180,鴨,禽場
H5N2,高雄市,阿蓮區,22.8919,120.313,2015/1/30,7000,鵝,禽場
H5N2,臺南市,白河區,23.3624,120.462,2015/1/30,6900,鵝,禽場
H5N2,臺南市,歸仁區,23.3651,120.454,2015/1/30,2010,鵝,禽場
H5N2,嘉義縣,朴子市,23.4301,120.209,2015/1/30,4600,鵝,禽場
H5N2,雲林縣,四湖鄉,23.6557,120.179,2015/1/30,1600,鵝,禽場
H5N2,雲林縣,崙背鄉,23.7618,120.303,2015/1/30,2500,火雞,禽場
H5N2,雲林縣,東勢鄉,23.701,120.26,2015/1/30,8900,雞,禽場
H5N2,雲林縣,東勢鄉,23.7105,120.274,2015/1/30,2300,鵝,禽場
H5N2,雲林縣,元長鄉,23.6324,120.322,2015/1/30,3500,鵝,禽場
H5N2,雲林縣,元長鄉,23.6309,120.318,2015/1/30,3700,鵝,禽場
H5N2,屏東縣,鹽埔鄉,22.7579,120.579,2015/1/30,2640,鵝,禽場
H5N2,嘉義縣,朴子市,23.4182,120.239,2015/1/31,2270,鵝,禽場
H5N2,嘉義縣,六腳鄉,23.5205,120.291,2015/1/31,2349,鵝,禽場
H5N2,嘉義縣,布袋鎮,23.4408,120.216,2015/1/31,2134,鵝,禽場
H5N2,雲林縣,元長鄉,23.6341,120.315,2015/1/31,2600,鵝,禽場
H5N2,雲林縣,元長鄉,23.6665,120.312,2015/1/31,2700,鵝,禽場
H5N2,雲林縣,四湖鄉,23.6498,120.161,2015/1/31,2800,鵝,禽場
H5N2,雲林縣,四湖鄉,23.6345,120.151,2015/1/31,1200,鵝,禽場
H5N2,桃園市,新屋區,25.0014,121.08,2015/1/31,400,鵝,屠宰場
H5N2,屏東縣,里港鄉,22.8231,120.522,2015/1/31,7500,鵝,禽場
H5N2,屏東縣,里港鄉,22.774,120.531,2015/1/31,30000,雞,禽場
H5N2,屏東縣,高樹鄉,22.7904,120.582,2015/1/31,20000,鴨,禽場
H5N2,雲林縣,臺西鄉,23.720836,120.238866,2015/1/31,14600,雞,禽場
H5N2,彰化縣,二林鎮,23.976385,120.414044,2015/1/31,30000,雞,禽場
H5N2,彰化縣,芳苑鄉,24.0100417,120.373822,2015/1/31,28900,雞,禽場
H5N2,屏東縣,九如鄉,22.7403889,120.465111,2015/2/1,11000,鵝,禽場
H5N2,屏東縣,鹽埔鄉,22.73609,120.59566,2015/2/1,14000,雞,禽場
H5N2,屏東縣,鹽埔鄉,22.73611,120.59618,2015/2/1,34000,雞,禽場
H5N2,屏東縣,高樹鄉,22.81527,120.58591,2015/2/1,13300,雞,禽場
H5N2,臺南市,新市區,23.08584,120.32637,2015/2/1,5200,鵝,禽場
H5N2,雲林縣,水林鄉,23.74417,120.36467,2015/2/1,3000,火雞,禽場
H5N2,雲林縣,水林鄉,22.63228,120.31694,2015/2/1,6000,鵝,禽場
H5N2,雲林縣,元長鄉,23.618057,120.316443,2015/2/1,2500,鵝,禽場
H5N2,屏東縣,鹽埔鄉,22.7521874,120.559375,2015/2/2,24000,雞,禽場
H5N2,高雄市,阿蓮區,22.89077,120.28877,2015/2/2,2800,鵝,禽場
H5N2,臺南市,關廟區,22.9235926,120.327863,2015/2/2,6650,鵝,禽場
H5N2,臺南市,六甲區,23.2512,120.3406,2015/2/2,7520,雞,禽場
H5N2,嘉義縣,六腳鄉,23.517574,120.269355,2015/2/2,1800,鵝,禽場
H5N2,嘉義縣,水上鄉,23.40881,120.361641,2015/2/2,2400,鵝,禽場
H5N2,雲林縣,東勢鄉,23.70495,120.25011,2015/2/2,1480,鵝,禽場
H5N2,雲林縣,元長鄉,23.621681,120.33756,2015/2/2,6160,鵝,禽場
H5N2,雲林縣,元長鄉,23.658551,120.28086,2015/2/2,2940,鵝,禽場
H5N2,雲林縣,口湖鄉,23.6168,120.17112,2015/2/2,2950,鵝,禽場
H5N2,彰化縣,大城鄉,23.84375,120.345667,2015/2/2,1200,鵝,禽場
H5N2,彰化縣,竹塘鄉,23.867389,120.412973,2015/2/2,3030,鵝,禽場
H5N2,屏東縣,里港鄉,22.8061,120.472,2015/2/3,23000,雞,禽場
H5N2,臺南市,歸仁區,22.9398,120.288,2015/2/3,2560,鵝,禽場
H5N2,嘉義縣,六腳鄉,23.4773,120.236,2015/2/3,5220,鵝,禽場
H5N2,雲林縣,東勢鄉,23.7039,120.27,2015/2/3,4700,鵝,禽場
H5N2,屏東縣,高樹鄉,22.8165,120.575,2015/2/4,22000,雞,禽場
H5N2,屏東縣,里港鄉,22.8072,120.48,2015/2/4,28400,雞,禽場
H5N2,屏東縣,里港鄉,22.808,120.48,2015/2/4,20600,雞,禽場
H5N2,屏東縣,里港鄉,22.8306,120.52,2015/2/4,3800,鵝,禽場
H5N2,嘉義縣,六腳鄉,23.5167,120.255,2015/2/4,2460,鵝,禽場
H5N2,嘉義縣,六腳鄉,23.4822,120.241,2015/2/4,1500,鵝,禽場
H5N2,嘉義縣,布袋鎮,23.4304,120.219,2015/2/4,5040,鵝,禽場
H5N2,嘉義縣,布袋鎮,23.4299,120.218,2015/2/4,2000,鵝,禽場
H5N2,嘉義縣,布袋鎮,23.4222,120.216,2015/2/4,2150,鵝,禽場
H5N2,雲林縣,臺西鄉,23.7366,120.228,2015/2/4,12500,雞,禽場
H5N2,雲林縣,東勢鄉,23.7169,120.247,2015/2/4,4800,鵝,禽場
H5N2,雲林縣,東勢鄉,23.6753,120.275,2015/2/4,2400,鵝,禽場
H5N2,雲林縣,斗南鎮,23.7085,120.489,2015/2/4,3279,鵝,禽場
H5N2,雲林縣,四湖鄉,23.654,120.152,2015/2/4,2400,鵝,禽場
H5N2,雲林縣,元長鄉,23.6266,120.322,2015/2/4,2400,鵝,禽場
H5N2,雲林縣,麥寮鄉,23.7745,120.267,2015/2/4,1189,鵝,屠宰場
H5N2,臺中市,外埔區,24.3505,120.707,2015/2/4,570,鵝,禽場
H5N2,臺南市,歸仁區,22.950976,120.27722,2015/2/4,3100,鵝,禽場
H5N2,屏東縣,高樹鄉,22.7903,120.597,2015/2/5,17500,雞,禽場
H5N2,屏東縣,鹽埔鄉,22.7498,120.551,2015/2/5,2800,鵝,禽場
H5N2,臺南市,柳營區,23.2594,120.352,2015/2/5,30000,雞,禽場
H5N2,彰化縣,大城鄉,23.8566,120.307,2015/2/6,2400,火雞,禽場
H5N2,屏東縣,里港鄉,22.81225,120.47522,2015/2/6,29900,雞,禽場
H5N2,嘉義縣,六腳鄉,23.51386,120.28946,2015/2/6,1280,鵝,禽場
H5N2,雲林縣,元長鄉,23.66253,120.32095,2015/2/6,4000,鵝,禽場
H5N2,雲林縣,土庫鎮,23.69841,120.34023,2015/2/6,2520,鵝,禽場
H5N2,雲林縣,四湖鄉,23.68621,120.17389,2015/2/6,14000,雞,禽場
H5N2,高雄市,內門區,22.9246,120.439,2015/2/6,6060,鵝,禽場
H5N2,高雄市,杉林區,22.9328,120.528,2015/2/6,2500,鵝,禽場
H5N2,屏東縣,鹽埔鄉,22.747319,120.54271,2015/2/7,2430,鵝,禽場
H5N2,屏東縣,高樹鄉,22.79201,120.29044,2015/2/7,20000,雞,禽場
H5N2,嘉義縣,六腳鄉,23.50385,120.25467,2015/2/7,3600,鵝,禽場
H5N2,雲林縣,麥寮鄉,23.781529,120.2677,2015/2/7,6800,鵝,禽場
H5N2,彰化縣,大城鄉,23.84231,120.30103,2015/2/8,2400,鵝,禽場
H5N2,屏東縣,內埔鄉,22.68047,120.58432,2015/2/9,11279,鴨,禽場
H5N2,屏東縣,高樹鄉,22.80297,120.56619,2015/2/9,21000,雞,禽場
H5N2,屏東縣,高樹鄉,22.81192,120.57364,2015/2/9,27000,雞,禽場
H5N2,屏東縣,高樹鄉,22.77411,120.58386,2015/2/9,13500,雞,禽場
H5N2,嘉義縣,六腳鄉,23.49042,120.25188,2015/2/9,4420,鵝,禽場
H5N2,嘉義縣,朴子市,23.47888,120.28578,2015/2/9,4425,鵝,禽場
H5N2,雲林縣,褒忠鄉,23.7238,120.329,2015/2/9,2720,鴨,禽場
H5N2,高雄市,蘆竹區,22.8408,120.304,2015/2/9,2300,鵝,禽場
H5N2,雲林縣,虎尾鎮,23.7142,120.405,2015/2/9,25600,雞,禽場
H5N2,嘉義縣,大林鎮,23.6265,120.502,2015/2/10,2700,鵝,禽場
H5N2,臺南市,鹽水區,23.2923,120.238,2015/2/10,8000,雞,禽場
H5N2,臺南市,左鎮區,23.0677,120.361,2015/2/10,12000,雞,禽場
H5N2,屏東縣,崁頂鄉,22.5067,120.476,2015/2/10,10000,雞,禽場
H5N2,雲林縣,元長鄉,23.6252,120.321,2015/2/11,3240,鵝,禽場
H5N2,嘉義縣,六腳鄉,23.485,120.254,2015/2/11,2500,鵝,禽場
H5N2,臺南市,歸仁區,22.931,120.304,2015/2/11,2500,鵝,禽場
H5N2,雲林縣,水林鄉,23.5511,120.217,2015/2/12,3100,鵝,禽場
H5N2,嘉義縣,朴子市,23.4558,120.233,2015/2/12,2200,鵝,禽場
H5N2,屏東縣,里港鄉,22.8044,120.486,2015/2/12,23000,雞,禽場
H5N2,屏東縣,高樹鄉,22.7783,120.571,2015/2/12,26000,雞,禽場
H5N2,臺南市,鹽水區,23.3071,120.255,2015/2/12,3000,鵝,禽場
H5N2,彰化縣,竹塘鄉,23.8802,120.40779,2015/2/12,1600,鴨,禽場
H5N2,雲林縣,東勢鄉,23.724233,120.26103,2015/2/13,2480,鵝,禽場
H5N2,屏東縣,鹽埔鄉,22.73496,120.5913,2015/2/13,14500,雞,禽場
H5N2,雲林縣,東勢鄉,23.6991,120.23859,2015/2/13,15000,雞,禽場
H5N2,雲林縣,大埤鄉,23.656692,120.45422,2015/2/14,14900,雞,禽場
H5N2,雲林縣,莿桐鄉,22.78295,120.50903,2015/2/14,13000,雞,禽場
H5N2,嘉義縣,六腳鄉,23.47858,120.24315,2015/2/14,3010,鵝,禽場
H5N2,嘉義縣,六腳鄉,23.504538,120.266,2015/2/15,2600,鵝,禽場
H5N2,臺南市,六甲區,23.23047,120.36092,2015/2/15,6500,雞,禽場
H5N2,雲林縣,東勢鄉,23.68264,120.28062,2015/2/16,2400,鵝,禽場
H5N2,臺南市,歸仁區,22.91057,120.30239,2015/2/16,2250,鵝,禽場
H5N2,屏東縣,九如鄉,22.743694,120.50522,2015/2/16,12000,雞,禽場
H5N2,新竹縣,新豐鄉,24.904591,120.96925,2015/2/17,2260,鴨,禽場
H5N2,新竹縣,新豐鄉,24.904645,120.96909,2015/2/17,3000,鴨,禽場
H5N2,雲林縣,斗南鎮,23.636962,120.48387,2015/2/17,2600,鵝,禽場
H5N2,雲林縣,北港鎮,23.556762,120.27771,2015/2/17,2320,鵝,禽場
H5N2,雲林縣,古坑鄉,23.62064,120.51623,2015/2/18,2420,鵝,禽場
H5N2,高雄市,美濃區,22.87666,120.53397,2015/2/18,1250,鵝,禽場
H5N2,臺南市,歸仁區,22.9511,120.28505,2015/2/19,2360,鵝,禽場
H5N2,臺南市,白河區,23.35912,120.44835,2015/2/19,2560,鵝,禽場
H5N2,雲林縣,臺西鄉,23.7244,120.234,2015/2/19,2720,鵝,禽場
H5N2,雲林縣,臺西鄉,23.741,120.226,2015/2/19,38500,雞,禽場
H5N2,臺南市,歸仁區,22.9096,120.293,2015/2/20,1500,鵝,禽場
H5N2,雲林縣,水林鄉,23.5984,120.229,2015/2/22,37500,雞,禽場
H5N2,屏東縣,鹽埔鄉,22.7718,120.544,2015/2/23,54280,雞,禽場
H5N2,雲林縣,斗六市,23.7271,120.508,2015/2/24,76000,雞,禽場
H5N2,屏東縣,九如鄉,22.7432,120.508,2015/2/24,3500,鵝,禽場
H5N2,彰化縣,大城鄉,23.849,120.304,2015/2/25,3800,鵝,禽場
H5N2,雲林縣,大埤鄉,23.65969,120.468,2015/2/25,748,鵝,屠宰場
H5N2,新竹縣,新豐鄉,24.9,120.966,2015/2/26,1500,鴨,禽場
H5N2,雲林縣,麥寮鄉,23.7409,120.247,2015/3/1,5770,鵝,禽場
H5N2,雲林縣,古坑鄉,23.6265,120.532,2015/3/1,14000,雞,禽場
H5N2,彰化縣,大城鄉,23.8471,120.311,2015/3/2,24000,雞,禽場
H5N2,嘉義縣,大林鎮,23.5786,120.485,2015/3/4,2700,鵝,禽場
H5N2,屏東縣,高樹鄉,22.8092,120.571,2015/3/6,15200,雞,禽場
H5N2,雲林縣,東勢鄉,23.7195,120.242,2015/3/7,2400,鵝,禽場
H5N2,嘉義縣,大林鎮,23.60774,120.47745,2015/3/11,4700,鵝,禽場
H5N2,嘉義縣,溪口鄉,23.571882,120.422777,2015/3/13,3100,鵝,禽場
H5N2,彰化縣,竹塘鄉,23.8606,120.406,2015/3/23,3660,鵝,禽場
H5N2,雲林縣,東勢鄉,23.7411,120.242,2015/3/24,4000,鵝,禽場
H5N2,雲林縣,水林鄉,23.6073,120.239,2015/3/26,3000,鵝,禽場
H5N2,雲林縣,口湖鄉,23.566,120.2,2015/3/29,2500,火雞,禽場
H5N2,屏東縣,萬丹鄉,22.6144,120.507,2015/4/3,2500,鵝,禽場
H5N2,彰化縣,北斗鎮,23.86051,120.5581,2015/4/4,2,野鳥,野鳥
H5N2,雲林縣,臺西鄉,23.6898,120.231,2015/4/11,2600,鵝,禽場
H5N2,雲林縣,東勢鄉,23.7395,120.24,2015/4/17,23000,雞,禽場
H5N2,屏東縣,鹽埔鄉,22.7272,120.531,2015/4/17,180,雞,屠宰場
H5N2,雲林縣,四湖鄉,23.6502,120.208,2015/4/20,6050,鵝,禽場
H5N2,雲林縣,臺西鄉,23.7425,120.237,2015/4/20,5410,雞,禽場
H5N2,雲林縣,臺西鄉,23.742,120.241,2015/4/20,5720,雞,禽場
H5N2,雲林縣,東勢鄉,23.7358,120.241,2015/4/21,38320,雞,禽場
H5N2,彰化縣,大城鄉,23.8594,120.284,2015/4/21,13824,雞,禽場
H5N2,雲林縣,東勢鄉,23.7034,120.246,2015/4/25,1700,鵝,禽場
H5N2,雲林縣,崙背鄉,23.7983,120.314,2015/5/1,23000,雞,禽場
H5N2,屏東縣,鹽埔鄉,22.7272,120.531,2015/5/2,823,雞,屠宰場
H5N2,雲林縣,四湖鄉,23.6528,120.217,2015/5/4,1420,鵝,禽場
H5N2,彰化縣,大城鄉,23.8711,120.288,2015/5/5,22760,雞,禽場
H5N2,雲林縣,東勢鄉,23.7229,120.254,2015/5/7,14095,雞,禽場
H5N2,雲林縣,東勢鄉,23.7147,120.277,2015/5/8,2400,鵝,禽場
H5N2,南投縣,竹山鎮,23.7466,120.676,2015/5/9,4005,雞,屠宰場
H5N2,彰化縣,大城鄉,23.8357,120.323,2015/5/14,17060,雞,禽場
H5N2,雲林縣,東勢鄉,23.6923,120.258,2015/5/15,18580,雞,禽場
H5N2,雲林縣,東勢鄉,23.7215,120.258,2015/5/16,15200,雞,禽場
H5N2,雲林縣,東勢鄉,23.712489,120.236227,2015/5/23,10540,雞,禽場
H5N2,雲林縣,水林鄉,23.53181,120.20823,2015/5/25,48680,雞,禽場
H5N2,雲林縣,元長鄉,23.6641,120.319,2015/5/28,1500,鵝,禽場
H5N2,雲林縣,臺西鄉,23.6811,120.192,2015/5/30,18648,雞,禽場
H5N2,雲林縣,西螺鎮,23.7777,120.46,2015/6/1,3380,鵝,禽場
H5N2,雲林縣,東勢鄉,23.6812,120.2923,2015/6/5,14900,雞,禽場
H5N2,雲林縣,元長鄉,23.6752,120.328,2015/6/9,11149,雞,禽場
H5N2,彰化縣,大城鄉,23.8692,120.289,2015/6/19,16890,雞,禽場
H5N2,彰化縣,埤頭鄉,23.8911,120.496,2015/6/19,29900,雞,禽場
H5N2,雲林縣,東勢鄉,23.6773,120.25,2015/6/22,2300,鵝,禽場
H5N2,彰化縣,大城鄉,23.8603,120.276,2015/6/25,16300,雞,禽場
H5N2,彰化縣,大城鄉,23.8515,120.309,2015/6/28,22300,雞,禽場
H5N2,雲林縣,東勢鄉,23.7243,120.268,2015/6/29,1190,火雞,禽場
H5N2,高雄市,阿蓮區,22.8964,120.288,2015/7/2,2150,鵝,禽場
H5N2,雲林縣,臺西鄉,23.75422,120.22539,2015/7/2,7700,鴨,禽場
H5N2,屏東縣,長治鄉,22.66795,120.56178,2015/7/8,1376,雞,屠宰場
H5N2,雲林縣,臺西鄉,23.7548,120.232,2015/7/13,4135,鴨,禽場
H5N2,屏東縣,萬丹鄉,22.5941,120.506,2015/7/14,18500,雞,禽場
H5N2,彰化縣,大城鄉,23.84843,120.29844,2015/7/14,32040,雞,禽場
H5N2,雲林縣,東勢鄉,23.703249,120.263742,2015/7/19,1188,火雞,禽場
H5N2,彰化縣,大城鄉,23.851104,120.3049508,2015/7/20,32000,雞,禽場
H5N2,雲林縣,臺西鄉,23.75229,120.23097,2015/7/21,7300,鴨,禽場
H5N2,雲林縣,東勢鄉,23.6742,120.223,2015/7/24,1438,鵝,禽場
H5N2,雲林縣,二崙鄉,23.7666,120.418,2015/7/28,2200,鵝,禽場
H5N2,南投縣,草屯鎮,23.9853,120.656,2015/7/28,3650,鴨,禽場
H5N2,彰化縣,大城鄉,23.8366,120.287,2015/7/29,50600,雞,禽場
H5N2,彰化縣,大城鄉,23.8508,120.307,2015/8/1,21500,雞,禽場
H5N2,彰化縣,大城鄉,23.8572,120.288,2015/8/8,38000,雞,禽場
H5N2,彰化縣,埤頭鄉,23.8911,120.496,2015/8/20,20,雞,禽場
H5N2,雲林縣,元長鄉,23.6392,120.302,2015/8/27,23240,雞,禽場
H5N2,雲林縣,元長鄉,23.63353,120.31269,2015/9/5,1555,鵝,禽場
H5N2,雲林縣,斗南鎮,23.7109,120.492,2015/9/8,6703,鴨,禽場
H5N2,雲林縣,斗南鎮,23.7088,120.489,2015/9/8,1784,鴨,禽場
H5N2,雲林縣,斗南鎮,23.7142,120.486,2015/9/9,3962,鴨,禽場
H5N2,雲林縣,斗南鎮,23.7153,120.499,2015/9/9,6765,鴨,禽場
H5N2,雲林縣,東勢鄉,23.6874,120.238,2015/9/29,1673,火雞,禽場
H5N2,桃園市,大園區,25.0453,121.188,2015/10/9,927,鵝,屠宰場
H5N2,彰化縣,大城鄉,23.8631,120.299,2015/10/14,22000,雞,禽場
H5N2,屏東縣,高樹鄉,22.7745,120.577,2015/10/16,3274,鴨,禽場
H5N2,臺東縣,臺東市,22.736,121.135,2015/10/20,750,雞,屠宰場
H5N2,屏東縣,長治鄉,22.668,120.56178,2015/11/16,2019,雞,屠宰場
H5N2,花蓮縣,花蓮市,24.0122,121.60667,2015/11/17,59,雞,屠宰場
H5N2,屏東縣,長治鄉,22.6759,120.55536,2015/11/23,21000,雞,禽場
H5N2,屏東縣,萬丹鄉,22.6019,120.49142,2015/11/24,3800,鴨,禽場
H5N2,彰化縣,竹塘鄉,23.856,120.407,2015/12/7,19397,雞,禽場
H5N2,屏東縣,鹽埔鄉,22.7272,120.531,2015/12/7,1648,雞,屠宰場
H5N2,雲林縣,元長鄉,23.6545,120.304,2015/12/14,1500,鵝,禽場
H5N2,雲林縣,東勢鄉,23.7069,120.255,2015/12/15,583,火雞,禽場
H5N2,雲林縣,東勢鄉,23.6895,120.271,2015/12/15,860,鵝,禽場
H5N2,臺北市,萬華區,25.0302,121.49,2015/12/15,36,雞,屠宰場
H5N2,臺北市,內湖區,25.0636,121.579,2015/12/15,1,野鳥,野鳥
H5N2,彰化縣,大城鄉,23.8594,120.284,2015/12/21,14275,雞,禽場
H5N2,高雄市,湖內區,22.8921,120.227,2015/12/28,3600,雞,屠宰場
H5N2,嘉義縣,新港鄉,23.5464,120.326,2015/12/30,4000,鴨,禽場
H5N2,雲林縣,二崙鄉,23.7991,120.359,2016/1/1,3110,雞,禽場
H5N2,桃園市,楊梅區,24.9396,121.094,2016/1/1,7530,鴨,禽場
H5N2,雲林縣,元長鄉,23.6384,120.293,2016/1/5,18000,雞,禽場
H5N2,彰化縣,大城鄉,23.8586,120.309,2016/1/5,1000,火雞,禽場
H5N2,嘉義縣,水上鄉,23.4417,120.364,2016/1/7,2600,鵝,禽場
H5N2,臺南市,後壁區,23.3899,120.363,2016/1/11,23000,鴨,禽場
H5N2,臺南市,後壁區,23.39,120.361,2016/1/11,3000,鴨,禽場
H5N2,臺南市,麻豆區,23.2026,120.211,2016/1/15,1100,鵝,禽場
H5N2,彰化縣,芳苑鄉,23.9001,120.337,2016/1/29,16012,雞,禽場
H5N2,臺南市,安南區,23.0552,120.1895,2016/2/5,11750,雞,禽場
H5N2,雲林縣,口湖鄉,23.5869,120.2002,2016/2/10,3020,鵝,禽場
H5N2,屏東縣,新園鄉,22.5203,120.4588,2016/2/11,9000,雞,禽場
H5N2,雲林縣,口湖鄉,23.5848,120.2018,2016/2/14,1343,鵝,禽場
H5N2,彰化縣,大城鄉,23.8713,120.29,2016/2/24,13500,雞,禽場
H5N2,臺南市,柳營區,23.2834,120.296,2016/2/24,2450,鵝,禽場
H5N2,雲林縣,水林鄉,23.548094,120.27071,2016/3/23,2200,鵝,禽場
H5N2,雲林縣,臺西鄉,23.718041,120.23194,2016/3/31,2030,鵝,禽場
H5N2,嘉義縣,太保市,23.484081,120.33926,2016/4/1,1705,鵝,禽場
H5N2,嘉義縣,太保市,23.4823,120.34,2016/4/6,1695,鵝,禽場
H5N2,嘉義縣,太保市,23.4847,120.344,2016/4/9,1860,鵝,禽場
H5N2,臺中市,大安區,24.3585,120.575,2016/4/28,19,雞,屠宰場
H5N2,臺南市,關廟區,23.0091,120.308,2016/4/29,8470,雞,禽場
H5N2,臺中市,外埔區,24.3349,120.714,2016/5/27,495,雞,屠宰場
H5N2,雲林縣,臺西鄉,23.7379,120.23,2016/5/30,13580,雞,禽場
H5N2,新竹縣,尖石鄉,24.7357,121.256,2016/8/17,508,混合,禽場
H5N2,彰化縣,竹塘鄉,23.86125,120.422528,2016/9/28,28200,雞,禽場
H5N2,雲林縣,莿桐鄉,23.749266,120.53003,2016/12/29,2681,鴨,禽場
H5N2,雲林縣,麥寮鄉,23.764721,120.249298,2017/1/5,3738,雞,禽場
H5N2,雲林縣,臺西鄉,23.75389,120.22056,2017/1/6,500,雞,禽場
H5N2,雲林縣,元長鄉,23.639212,120.302376,2017/1/9,20000,雞,禽場
H5N2,雲林縣,麥寮鄉,23.757828,120.247036,2017/1/11,24000,雞,禽場
H5N2,宜蘭縣,礁溪鄉,24.8106,121.79,2017/1/12,3815,鴨,禽場
H5N2,雲林縣,東勢鄉,23.7272,120.244,2017/1/13,20000,雞,禽場
H5N2,雲林縣,崙背鄉,23.780886,120.307984,2017/1/14,19000,雞,禽場
H5N2,雲林縣,褒忠鄉,23.71407,120.29334,2017/1/16,10000,雞,禽場
H5N2,雲林縣,四湖鄉,23.652518,120.255147,2017/1/22,1500,火雞,禽場
H5N2,雲林縣,虎尾鎮,23.7073,120.405,2017/2/1,4065,火雞,禽場
H5N2,雲林縣,臺西鄉,23.7479,120.229,2017/2/2,9250,雞,禽場
H5N2,雲林縣,麥寮鄉,23.7615,120.245,2017/2/3,22734,雞,禽場
H5N2,雲林縣,臺西鄉,23.742,120.241,2017/2/10,7125,雞,禽場
H5N2,雲林縣,東勢鄉,23.6844,120.25,2017/2/13,402,雞,禽場
H5N2,臺南市,下營區,23.2365,120.282,2017/2/14,3200,火雞,禽場
H5N2,雲林縣,水林鄉,23.2318,120.208,2017/2/15,23500,雞,禽場
H5N2,嘉義縣,東石鄉,23.5032,120.213,2017/2/15,24,混合,禽場
H5N2,臺北市,萬華區,25.03067,121.48937,2017/2/15,2450,雞,屠宰場
H5N2,臺南市,下營區,23.2413,120.283,2017/2/16,9000,雞,禽場
H5N2,雲林縣,東勢鄉,23.6777,120.266,2017/2/17,16000,雞,禽場
H5N2,雲林縣,西螺鎮,23.76209,120.468642,2017/2/17,35000,雞,禽場
H5N2,雲林縣,水林鄉,23.59856944,120.2281444,2017/2/17,31000,雞,禽場
H5N2,彰化縣,芳苑鄉,23.89725,120.323417,2017/2/17,22700,雞,禽場
H5N2,雲林縣,臺西鄉,23.735578,120.241605,2017/2/19,14000,雞,禽場
H5N2,宜蘭縣,三星鄉,24.69972222,121.6917222,2017/2/20,5265,鴨,禽場
H5N2,雲林縣,臺西鄉,23.7362,120.21845,2017/2/20,18900,雞,禽場
H5N2,雲林縣,麥寮鄉,23.76601,120.24216,2017/2/21,8500,雞,禽場
H5N2,雲林縣,麥寮鄉,23.78466,120.24429,2017/2/21,9500,雞,禽場
H5N2,雲林縣,四湖鄉,23.65319,120.17795,2017/2/21,21,雞,禽場
H5N2,雲林縣,臺西鄉,23.75013,120.23032,2017/2/21,16600,雞,禽場
H5N2,彰化縣,芳苑鄉,23.904952,120.360402,2017/2/21,887,鴨,禽場
H5N2,宜蘭縣,三星鄉,24.6975,120.6991667,2017/2/22,5255,鴨,禽場
H5N2,雲林縣,麥寮鄉,23.7611,120.22778,2017/2/22,9770,雞,禽場
H5N2,雲林縣,臺西鄉,23.731083,120.237466,2017/2/22,6650,雞,禽場
H5N2,雲林縣,四湖鄉,23.638006,120.200783,2017/2/22,7690,雞,禽場
H5N2,嘉義縣,布袋鎮,23.44105556,120.2162417,2017/2/22,3416,鵝,禽場
H5N2,彰化縣,大城鄉,23.846917,120.295444,2017/2/23,888,鴨,禽場
H5N2,臺南市,後壁區,23.34632,120.30405,2017/2/23,26600,雞,禽場
H5N2,雲林縣,臺西鄉,23.722773,120.240025,2017/2/23,2907,鴨,禽場
H5N2,彰化縣,大城鄉,23.87194,120.29925,2017/2/23,1027,鴨,禽場
H5N2,雲林縣,臺西鄉,23.754997,120.23065,2017/2/24,15000,雞,禽場
H5N2,宜蘭縣,三星鄉,24.699,121.6881944,2017/2/24,11192,鴨,禽場
H5N2,宜蘭縣,三星鄉,24.699,121.6881944,2017/2/24,6000,鴨,禽場
H5N2,彰化縣,大城鄉,23.855917,120.327444,2017/2/24,1530,鴨,禽場
H5N2,雲林縣,四湖鄉,23.642647,120.166043,2017/2/24,5316,鴨,禽場
H5N2,臺南市,下營區,23.236534,120.282562,2017/2/25,19400,雞,禽場
H5N2,雲林縣,口湖鄉,23.742263,120.197086,2017/2/26,1094,鵝,禽場
H5N2,雲林縣,臺西鄉,23.738386,120.216324,2017/2/26,32000,雞,禽場
H5N2,雲林縣,臺西鄉,23.742488,120.237438,2017/2/27,5111,雞,禽場
H5N2,雲林縣,水林鄉,23.597722,120.244402,2017/2/27,19000,雞,禽場
H5N2,雲林縣,口湖鄉,23.6123,120.192825,2017/2/28,30000,雞,禽場
H5N2,宜蘭縣,三星鄉,24.69747222,121.6956944,2017/3/1,10400,鴨,禽場
H5N2,雲林縣,臺西鄉,23.73051,120.237271,2017/3/2,16000,雞,禽場
H5N2,雲林縣,麥寮鄉,23.78528,120.23528,2017/3/2,12000,雞,禽場
H5N2,雲林縣,麥寮鄉,23.749968,120.268862,2017/3/2,850,鵝,禽場
H5N2,雲林縣,臺西鄉,23.7536,120.21897,2017/3/3,5200,雞,禽場
H5N2,雲林縣,東勢鄉,23.5885,120.22118,2017/3/3,4800,鴨,禽場
H5N2,雲林縣,臺西鄉,23.684036,120.191424,2017/3/4,45000,雞,禽場
H5N2,雲林縣,臺西鄉,23.738237,120.218784,2017/3/4,21500,雞,禽場
H5N2,臺南市,下營區,23.226012,120.284732,2017/3/5,1150,鵝,禽場
H5N2,屏東縣,九如鄉,22.72394444,120.4727778,2017/3/6,9423,鴨,禽場
H5N2,臺南市,下營區,23.256744,120.289187,2017/3/6,800,鵝,禽場
H5N2,彰化縣,芳苑鄉,23.935568,120.333452,2017/3/9,1277,鴨,禽場
H5N2,雲林縣,臺西鄉,23.75191,120.22028,2017/3/12,15147,雞,禽場
H5N2,雲林縣,古坑鄉,23.62806,120.51139,2017/3/12,33296,雞,禽場
H5N2,高雄市,旗山區,22.95508,120.51639,2017/3/13,4457,鴨,禽場
H5N2,彰化縣,大城鄉,23.85187,120.312417,2017/3/13,1542,鴨,禽場
H5N2,雲林縣,東勢鄉,23.68599,120.27872,2017/3/14,9629,雞,禽場
H5N2,雲林縣,麥寮鄉,23.75860556,120.2327778,2017/3/14,13368,雞,禽場
H5N2,雲林縣,口湖鄉,23.532947,120.2,2017/3/15,16661,雞,禽場
H5N2,雲林縣,四湖鄉,23.615791,120.240303,2017/3/15,7734,雞,禽場
H5N2,雲林縣,四湖鄉,23.618128,120.2361,2017/3/15,44754,雞,禽場
H5N2,屏東縣,鹽埔鄉,22.7315,120.5789444,2017/3/15,10014,鴨,禽場
H5N2,臺南市,學甲區,23.21472,120.19938,2017/3/15,2011,鴨,禽場
H5N2,臺南市,學甲區,23.21515,120.1996,2017/3/15,1958,鴨,禽場
H5N2,屏東縣,九如鄉,22.72183333,120.4765556,2017/3/16,28150,雞,禽場
H5N2,屏東縣,九如鄉,22.72947222,120.4685833,2017/3/17,6189,鴨,禽場
H5N2,雲林縣,四湖鄉,23.656164,120.19941,2017/3/19,28804,雞,禽場
H5N2,雲林縣,褒忠鄉,23.713343,120.289186,2017/3/21,10314,雞,禽場
H5N2,嘉義縣,六腳鄉,23.5027943,120.2727641,2017/3/21,1426,雞,禽場
H5N2,雲林縣,東勢鄉,23.686515,120.279682,2017/3/23,8349,雞,禽場
H5N2,嘉義縣,六腳鄉,23.53621,120.24731,2017/3/24,13649,雞,禽場
H5N2,嘉義縣,中埔鄉,23.3912,120.51495,2017/3/25,8605,雞,禽場
H5N2,南投縣,竹山鎮,23.71707,120.69711,2017/3/27,3827,鴨,禽場
H5N2,彰化縣,二林鎮,23.976723,120.403918,2017/3/27,21313,雞,禽場
H5N2,臺南市,下營區,23.228272,120.239985,2017/3/27,5287,鴨,禽場
H5N2,雲林縣,臺西鄉,23.752833,120.218847,2017/3/29,30861,雞,禽場
H5N2,雲林縣,莿桐鄉,23.785295,120.50508,2017/3/31,2295,雞,禽場
H5N2,雲林縣,水林鄉,23.572736,120.212765,2017/3/31,16680,雞,禽場
H5N2,雲林縣,斗六市,23.72705,120.507969,2017/3/31,48968,雞,禽場
H5N2,新北市,泰山區,25.0641,121.4466,2017/4/1,93,雞,屠宰場
H5N2,高雄市,鳳山區,22.633621,120.364069,2017/4/1,36,雞,屠宰場
H5N2,嘉義縣,朴子市,23.439368,120.263621,2017/4/3,24602,雞,禽場
H5N2,雲林縣,臺西鄉,23.739437,120.225918,2017/4/3,28743,雞,禽場
H5N2,雲林縣,東勢鄉,23.688737,120.267855,2017/4/5,11479,雞,禽場
H5N2,雲林縣,東勢鄉,23.739512,120.239687,2017/4/5,10277,雞,禽場
H5N2,雲林縣,東勢鄉,23.686515,120.279682,2017/4/5,11500,雞,禽場
H5N2,嘉義縣,大林鎮,23.62273,120.4926,2017/4/6,2805,鵝,禽場
H5N2,嘉義縣,布袋鎮,23.40648,120.20542,2017/4/11,6088,雞,禽場
H5N2,雲林縣,東勢鄉,23.739926,120.242686,2017/4/14,8066,雞,禽場
H5N2,彰化縣,芳苑鄉,24.00287,120.39235,2017/4/25,1116,鴨,禽場
H5N2,屏東縣,高樹鄉,22.803,120.565722,2017/4/28,20000,雞,禽場
H5N2,雲林縣,東勢鄉,23.72809,120.24499,2017/5/1,14000,雞,禽場
H5N2,彰化縣,大城鄉,23.868321,120.328854,2017/5/3,458,鴨,禽場
H5N2,雲林縣,東勢鄉,23.728502,120.244385,2017/5/7,9916,雞,禽場
H5N2,雲林縣,東勢鄉,23.728601,120.244655,2017/5/8,6353,雞,禽場
H5N2,屏東縣,高樹鄉,22.802611,120.557778,2017/5/10,11646,鴨,禽場
H5N2,屏東縣,高樹鄉,22.802611,120.557778,2017/5/10,11646,鴨,禽場
H5N2,屏東縣,高樹鄉,22.804861,120.558222,2017/5/11,7260,鴨,禽場
H5N2,彰化縣,大城鄉,23.850747,120.557778,2017/5/12,18500,雞,禽場
H5N2,彰化縣,大城鄉,23.850747,120.305667,2017/5/12,18500,雞,禽場
H5N2,雲林縣,東勢鄉,23.716681,120.250281,2017/5/20,9544,雞,禽場
H5N2,雲林縣,崙背鄉,23.79442,120.3097,2017/5/23,10600,雞,禽場
H5N2,雲林縣,北港鎮,23.584066,120.262667,2017/5/25,8248,雞,禽場
H5N2,花蓮縣,花蓮市,24.012221,121.606669,2017/6/2,32,雞,屠宰場
H5N2,雲林縣,東勢鄉,23.7098,120.25006,2017/6/8,14000,雞,禽場
H5N2,彰化縣,竹塘鄉,23.862076,120.409937,2017/6/11,9340,雞,禽場
H5N2,雲林縣,東勢鄉,23.691739,120.235827,2017/6/12,1920,火雞,禽場
H5N2,臺南市,麻豆區,23.216385,120.236447,2017/6/12,1,野鳥,野鳥
H5N2,雲林縣,東勢鄉,23.721533,120.257885,2017/6/13,12584,雞,禽場
H5N2,高雄市,阿蓮區,22.87278,120.31427,2017/6/13,2252,雞,屠宰場
H5N2,臺南市,下營區,23.220206,120.234848,2017/6/15,37000,雞,禽場
H5N2,屏東縣,枋寮鄉,22.422472,120.577306,2017/6/16,2406,鴨,禽場
H5N2,雲林縣,水林鄉,23.59172,120.25441,2017/6/19,1500,火雞,禽場
H5N2,屏東縣,高樹鄉,22.79575,120.560444,2017/6/22,22649,鴨,禽場
H5N2,臺南市,下營區,23.249246,120.285395,2017/6/24,2063,火雞,禽場
H5N2,雲林縣,元長鄉,23.61587,120.315954,2017/6/25,18000,雞,禽場
H5N2,雲林縣,元長鄉,23.61111,120.31046,2017/6/26,1460,火雞,禽場
H5N2,雲林縣,褒忠鄉,23.689666,120.273701,2017/6/26,6700,雞,禽場
H5N2,臺南市,柳營區,23.283144,120.293611,2017/6/27,2213,鵝,禽場
H5N2,屏東縣,鹽埔鄉,22.736833,120.548583,2017/6/28,6016,鴨,禽場
H5N2,臺中市,大安區,24.393,120.599331,2017/7/1,3100,雞,禽場
H5N2,臺北市,萬華區,25.030189,121.489521,2017/7/1,42,雞,屠宰場
H5N2,雲林縣,東勢鄉,23.710572,120.249017,2017/7/6,20500,雞,禽場
H5N3,屏東縣,萬丹鄉,22.6167222,120.49894,2015/1/11,2000,鵝,禽場
H5N3,高雄市,路竹區,22.855305,120.27286,2015/1/12,720,鵝,禽場
H5N3,屏東縣,萬丹鄉,22.6197,120.449,2015/1/12,3000,鵝,禽場
H5N3,屏東縣,萬丹鄉,22.6283,120.459,2015/1/12,2400,鵝,禽場
H5N3,屏東縣,萬丹鄉,22.5889,120.509,2015/1/12,2400,鵝,禽場
H5N3,屏東縣,萬丹鄉,22.6048,120.476,2015/1/13,2400,鵝,禽場
H5N3,屏東縣,萬丹鄉,22.6092,120.448,2015/1/13,3200,鵝,禽場
H5N3,屏東縣,萬丹鄉,22.6047,120.448,2015/1/13,2435,鵝,禽場
H5N3,屏東縣,萬丹鄉,22.6174,120.449,2015/1/13,2600,鵝,禽場
H5N3,屏東縣,萬丹鄉,22.6027,120.457,2015/1/13,2200,鵝,禽場
H5N3,屏東縣,萬丹鄉,22.6076,120.448,2015/1/13,2435,鵝,禽場
H5N3,屏東縣,萬丹鄉,22.6055,120.463,2015/1/14,2500,鵝,禽場
H5N3,屏東縣,萬丹鄉,22.6283,120.459,2015/1/14,4000,鵝,禽場
H5N3,屏東縣,萬丹鄉,22.5856,120.474,2015/1/14,2500,鵝,禽場
H5N3,屏東縣,高樹鄉,22.8633,120.633,2015/1/14,4736,鴨,屠宰場
H5N3,屏東縣,萬丹鄉,22.5654,120.49,2015/1/14,5500,鴨,禽場
H5N3,屏東縣,萬丹鄉,22.6251,120.449,2015/1/14,7500,鵝,禽場
H5N3,屏東縣,萬丹鄉,22.5898,120.458,2015/1/14,2380,鵝,禽場
H5N3,苗栗縣,竹南鎮,24.722957,120.908521,2015/1/15,3,野鳥,野鳥
H5N3,屏東縣,潮州鎮,22.52986,120.57,2015/1/16,4200,鵝,禽場
H5N3,屏東縣,萬丹鄉,22.5856,120.474,2015/1/22,1300,鵝,禽場
H5N3,雲林縣,水林鄉,23.5861,120.192,2015/1/30,2100,鵝,禽場
H5N3,屏東縣,萬丹鄉,22.6099,120.476,2015/1/30,10000,雞,禽場
H5N3,屏東縣,里港鄉,22.7723611,120.506861,2015/2/1,4600,鵝,禽場
H5N3,屏東縣,鹽埔鄉,22.73998,120.51275,2015/2/19,14000,雞,禽場
H5N6,花蓮縣,玉里鎮,23.419856,121.34747,2017/2/2,3787,鴨,禽場
H5N6,花蓮縣,玉里鎮,23.4045006,121.3416227,2017/2/2,1,野鳥,野鳥
H5N6,臺南市,六甲區,23.2102,120.275,2017/2/9,3900,火雞,禽場
H5N6,雲林縣,口湖鄉,23.5744,120.18,2017/2/13,234,雞,禽場
H5N6,嘉義縣,朴子市,23.4383,120.239,2017/2/13,1000,雞,禽場
H5N6,嘉義縣,朴子市,23.4231,120.266,2017/2/14,40,雞,不明
H5N6,嘉義縣,朴子市,23.4189,120.266,2017/2/14,18,雞,不明
H5N6,臺南市,善化區,23.11669,120.3297,2017/2/14,7885,雞,禽場
H5N6,嘉義縣,東石鄉,23.5026,120.195,2017/2/15,610,混合,禽場
H5N6,雲林縣,口湖鄉,23.5548,120.199,2017/2/15,3540,雞,禽場
H5N6,宜蘭縣,員山鄉,24.7308,121.704,2017/2/16,3068,鴨,屠宰場
H5N6,花蓮縣,鳳林鎮,23.7075,121.4783333,2017/2/18,5960,鴨,禽場
H5N6,花蓮縣,鳳林鎮,23.69861111,121.4633333,2017/2/18,5155,鴨,禽場
H5N6,花蓮縣,玉里鎮,23.40611111,121.3472222,2017/2/26,14647,鴨,禽場
H5N8,嘉義縣,大林鎮,,,2015/1/8,5200,鵝,禽場
H5N8,嘉義縣,大林鎮,23.60953,120.45049,2015/1/9,7200,鵝,禽場
H5N8,嘉義縣,大林鎮,23.61521,120.44296,2015/1/9,4100,鵝,禽場
H5N8,嘉義縣,大林鎮,23.60944,120.45117,2015/1/9,7200,鵝,禽場
H5N8,雲林縣,東勢鄉,23.67771,120.22541,2015/1/10,9630,鵝,禽場
H5N8,嘉義縣,大林鎮,23.61805,120.4289,2015/1/10,10000,鵝,禽場
H5N8,屏東縣,長治鄉,22.70674,120.573428,2015/1/10,840,鵝,禽場
H5N8,嘉義縣,大林鎮,23.61774,120.42998,2015/1/10,8000,鵝,禽場
H5N8,屏東縣,萬丹鄉,22.592835,120.47674,2015/1/10,2200,鵝,禽場
H5N8,臺南市,柳營區,23.2834,120.296,2015/1/10,1403,鵝,禽場
H5N8,雲林縣,臺西鄉,23.727202,120.24231,2015/1/11,1400,鵝,禽場
H5N8,雲林縣,東勢鄉,23.709828,120.25818,2015/1/11,2200,鵝,禽場
H5N8,雲林縣,東勢鄉,23.72799,120.24332,2015/1/11,1500,鵝,禽場
H5N8,雲林縣,臺西鄉,23.726945,120.24231,2015/1/11,1150,鵝,禽場
H5N8,臺南市,下營區,23.245029,120.247281,2015/1/11,2050,鵝,禽場
H5N8,嘉義縣,大林鎮,23.61154,120.4518,2015/1/11,4700,鵝,禽場
H5N8,嘉義縣,大林鎮,23.6113,120.436,2015/1/11,6200,鵝,禽場
H5N8,嘉義縣,大林鎮,23.61521,120.443,2015/1/11,2300,鵝,禽場
H5N8,嘉義縣,大林鎮,23.6116,120.432,2015/1/11,2300,鵝,禽場
H5N8,嘉義縣,大林鎮,23.6146,120.444,2015/1/11,4100,鵝,禽場
H5N8,雲林縣,東勢鄉,23.719913,120.24294,2015/1/12,7600,鵝,禽場
H5N8,雲林縣,東勢鄉,23.709221,120.25264,2015/1/12,4760,鵝,禽場
H5N8,雲林縣,臺西鄉,23.75235,120.22034,2015/1/12,3670,鵝,禽場
H5N8,臺南市,麻豆區,23.21275,120.2383,2015/1/12,1100,鵝,禽場
H5N8,臺南市,麻豆區,23.21197,120.23984,2015/1/12,10700,鴨,禽場
H5N8,臺南市,麻豆區,23.2091083,120.23789,2015/1/12,1280,鵝,禽場
H5N8,臺南市,麻豆區,23.20814,120.23793,2015/1/12,2250,鵝,禽場
H5N8,屏東縣,萬丹鄉,22.6043333,120.46761,2015/1/12,2100,鵝,禽場
H5N8,臺南市,下營區,23.244058,120.24811,2015/1/12,3400,鵝,禽場
H5N8,桃園市,大園區,25.0453,121.188,2015/1/12,22000,鵝,屠宰場
H5N8,雲林縣,臺西鄉,23.7545,120.232,2015/1/12,2900,鴨,禽場
H5N8,雲林縣,麥寮鄉,23.804828,120.2802,2015/1/13,2400,鵝,禽場
H5N8,雲林縣,麥寮鄉,23.812463,120.2728,2015/1/13,5000,鵝,禽場
H5N8,雲林縣,臺西鄉,23.727512,120.2423,2015/1/13,6500,鵝,禽場
H5N8,臺南市,下營區,23.2335,120.284,2015/1/13,2400,鵝,禽場
H5N8,臺南市,麻豆區,23.2023,120.239,2015/1/13,2760,鵝,禽場
H5N8,臺南市,下營區,23.2347,120.283,2015/1/13,1800,鵝,禽場
H5N8,雲林縣,臺西鄉,23.7241,120.236,2015/1/13,2900,鵝,禽場
H5N8,雲林縣,東勢鄉,23.7269,120.243,2015/1/13,4100,鵝,禽場
H5N8,苗栗縣,竹南鎮,24.737,120.907,2015/1/13,100,雞,屠宰場
H5N8,臺南市,下營區,23.2444,120.254,2015/1/14,5900,鴨,禽場
H5N8,臺南市,後壁區,23.3664,120.316,2015/1/14,3180,鵝,禽場
H5N8,臺南市,麻豆區,23.2135,120.238,2015/1/14,1350,鵝,禽場
H5N8,臺南市,下營區,23.2489,120.293,2015/1/14,2400,鵝,禽場
H5N8,臺南市,下營區,23.249,120.294,2015/1/14,2400,鵝,禽場
H5N8,臺南市,下營區,23.2317,120.284,2015/1/14,1261,鵝,禽場
H5N8,雲林縣,東勢鄉,23.7148,120.246,2015/1/14,3000,鵝,禽場
H5N8,嘉義縣,布袋鎮,23.4249,120.217,2015/1/14,1200,鵝,禽場
H5N8,雲林縣,臺西鄉,23.6915,120.203,2015/1/15,6080,鵝,禽場
H5N8,雲林縣,臺西鄉,23.6714,120.192,2015/1/15,7860,鵝,禽場
H5N8,雲林縣,臺西鄉,23.7525,120.23,2015/1/15,9300,鵝,禽場
H5N8,雲林縣,臺西鄉,23.7428,120.234,2015/1/15,3600,鵝,禽場
H5N8,雲林縣,東勢鄉,23.7083,120.235,2015/1/15,3680,鵝,禽場
H5N8,雲林縣,四湖鄉,23.6292,120.176,2015/1/15,4470,鵝,禽場
H5N8,臺南市,下營區,23.2387,120.24,2015/1/15,4600,鵝,禽場
H5N8,臺南市,六甲區,23.2347,120.289,2015/1/15,5000,鵝,禽場
H5N8,臺南市,下營區,23.2373,120.23,2015/1/15,4800,鵝,禽場
H5N8,彰化縣,大城鄉,23.8519,120.291,2015/1/15,1600,鵝,禽場
H5N8,雲林縣,東勢鄉,23.7205,120.243,2015/1/15,3600,鵝,禽場
H5N8,雲林縣,東勢鄉,23.6995,120.267,2015/1/15,2500,鵝,禽場
H5N8,雲林縣,麥寮鄉,23.7563,120.24,2015/1/15,4675,鵝,禽場
H5N8,雲林縣,麥寮鄉,23.743,120.245,2015/1/15,2800,鵝,禽場
H5N8,雲林縣,麥寮鄉,23.7829,120.249,2015/1/15,1400,鵝,禽場
H5N8,雲林縣,東勢鄉,23.7214,120.243,2015/1/15,2380,鵝,禽場
H5N8,雲林縣,口湖鄉,23.6116,120.17,2015/1/15,1500,鵝,禽場
H5N8,臺南市,關廟區,22.8987,120.344,2015/1/15,1280,鵝,禽場
H5N8,臺南市,麻豆區,23.2266,120.222,2015/1/15,3600,鴨,禽場
H5N8,屏東縣,萬巒鄉,22.5326,120.605,2015/1/15,90000,雞,禽場
H5N8,雲林縣,四湖鄉,23.65532,120.183,2015/1/16,4300,鵝,禽場
H5N8,雲林縣,麥寮鄉,23.78678,120.274,2015/1/16,2343,鵝,禽場
H5N8,雲林縣,麥寮鄉,23.77503,120.237,2015/1/16,2400,鵝,禽場
H5N8,雲林縣,東勢鄉,23.69898,120.237,2015/1/16,6200,鵝,禽場
H5N8,雲林縣,東勢鄉,23.68494,120.264,2015/1/16,2800,鵝,禽場
H5N8,雲林縣,東勢鄉,23.72362,120.253,2015/1/16,4450,鵝,禽場
H5N8,臺南市,麻豆區,23.21948,120.23,2015/1/16,1100,鵝,禽場
H5N8,臺南市,下營區,23.23579,120.238,2015/1/16,2500,鵝,禽場
H5N8,臺南市,下營區,23.23909,120.286,2015/1/16,2400,鵝,禽場
H5N8,雲林縣,臺西鄉,23.74193,120.224,2015/1/16,2200,鵝,禽場
H5N8,臺南市,後壁區,23.36799,120.308,2015/1/16,4900,鵝,禽場
H5N8,雲林縣,臺西鄉,23.7436,120.234,2015/1/16,2600,鵝,禽場
H5N8,雲林縣,麥寮鄉,23.76961,120.244,2015/1/16,6560,鵝,禽場
H5N8,雲林縣,東勢鄉,23.72204,120.261,2015/1/16,2400,鵝,禽場
H5N8,雲林縣,東勢鄉,23.73837,120.244,2015/1/16,2850,鵝,禽場
H5N8,嘉義縣,布袋鎮,23.42347,120.216,2015/1/16,4800,鵝,禽場
H5N8,臺南市,白河區,23.36082,120.449,2015/1/16,4850,鵝,禽場
H5N8,臺南市,麻豆區,23.19475,120.249,2015/1/16,1200,鵝,禽場
H5N8,臺南市,下營區,23.23257,120.281,2015/1/16,1200,鵝,禽場
H5N8,雲林縣,水林鄉,23.51682,120.208,2015/1/17,5135,鵝,禽場
H5N8,雲林縣,東勢鄉,23.66604,120.235,2015/1/17,6220,鵝,禽場
H5N8,雲林縣,東勢鄉,23.70927,120.243,2015/1/17,7520,鵝,禽場
H5N8,雲林縣,東勢鄉,23.72502,120.267,2015/1/17,2320,鵝,禽場
H5N8,雲林縣,臺西鄉,23.72356,120.236,2015/1/17,2400,鵝,禽場
H5N8,雲林縣,臺西鄉,23.71804,120.232,2015/1/17,6200,鵝,禽場
H5N8,屏東縣,長治鄉,22.683833,120.5563,2015/1/17,10811,鵝,禽場
H5N8,雲林縣,臺西鄉,23.7447,120.241,2015/1/17,5300,鴨,禽場
H5N8,雲林縣,四湖鄉,23.62779,120.173,2015/1/17,1500,鵝,禽場
H5N8,雲林縣,四湖鄉,23.62778,120.173,2015/1/17,1250,鵝,禽場
H5N8,雲林縣,東勢鄉,23.72066,120.274,2015/1/17,4800,鵝,禽場
H5N8,雲林縣,麥寮鄉,23.75574,120.255,2015/1/17,2600,鵝,禽場
H5N8,雲林縣,麥寮鄉,23.78438,120.276,2015/1/17,2200,鵝,禽場
H5N8,臺南市,下營區,23.236665,120.2855,2015/1/17,2116,鵝,禽場
H5N8,雲林縣,元長鄉,23.67442,120.246,2015/1/18,6220,鵝,禽場
H5N8,雲林縣,水林鄉,23.60163,120.246,2015/1/18,2400,鵝,禽場
H5N8,雲林縣,臺西鄉,23.7436,120.234,2015/1/18,1200,鵝,禽場
H5N8,雲林縣,東勢鄉,23.71671,120.24,2015/1/18,3900,鵝,禽場
H5N8,雲林縣,東勢鄉,23.69911,120.236,2015/1/18,14600,鵝,禽場
H5N8,雲林縣,四湖鄉,23.63608,120.183,2015/1/18,4960,鵝,禽場
H5N8,雲林縣,麥寮鄉,23.76731,120.233,2015/1/18,2560,鵝,禽場
H5N8,臺南市,下營區,23.23083,120.283,2015/1/18,5000,鵝,禽場
H5N8,屏東縣,萬丹鄉,22.625889,120.4485,2015/1/18,1400,鵝,禽場
H5N8,雲林縣,東勢鄉,23.71949,120.267,2015/1/18,2400,鵝,禽場
H5N8,臺南市,麻豆區,23.208,120.238,2015/1/18,2500,鵝,禽場
H5N8,臺南市,下營區,23.22601,120.285,2015/1/18,2200,鵝,禽場
H5N8,臺南市,下營區,23.23538,120.253,2015/1/18,3000,鵝,禽場
H5N8,臺南市,下營區,23.25674,120.289,2015/1/18,3700,鵝,禽場
H5N8,臺南市,下營區,23.42729,120.296,2015/1/18,2140,鵝,禽場
H5N8,臺南市,下營區,23.24993,120.295,2015/1/18,2470,鵝,禽場
H5N8,臺中市,外埔區,24.34719,120.698,2015/1/19,1300,鵝,禽場
H5N8,雲林縣,東勢鄉,23.71691,120.26,2015/1/19,2600,鵝,禽場
H5N8,雲林縣,東勢鄉,23.71002,120.252,2015/1/19,2600,鵝,禽場
H5N8,雲林縣,東勢鄉,23.71887,120.249,2015/1/19,2300,鵝,禽場
H5N8,雲林縣,四湖鄉,23.63248,120.233,2015/1/19,2100,鵝,禽場
H5N8,雲林縣,四湖鄉,23.63909,120.196,2015/1/19,3900,鵝,禽場
H5N8,雲林縣,臺西鄉,23.67339,120.195,2015/1/19,2400,鵝,禽場
H5N8,雲林縣,臺西鄉,23.7544,120.232,2015/1/19,7200,鵝,禽場
H5N8,臺南市,麻豆區,23.20617,120.273,2015/1/19,3320,鵝,禽場
H5N8,臺南市,下營區,23.23149,120.281,2015/1/19,1800,鵝,禽場
H5N8,臺南市,官田區,23.2166,120.298,2015/1/19,3600,鵝,禽場
H5N8,臺南市,下營區,23.23858,120.286,2015/1/19,5000,鵝,禽場
H5N8,臺南市,後壁區,23.36414,120.317,2015/1/19,2250,鵝,禽場
H5N8,臺南市,下營區,23.23269,120.281,2015/1/19,2200,鵝,禽場
H5N8,雲林縣,東勢鄉,23.699,120.258,2015/1/20,3400,鵝,禽場
H5N8,雲林縣,臺西鄉,23.7403,120.23,2015/1/20,2500,鵝,禽場
H5N8,雲林縣,臺西鄉,23.7193,120.236,2015/1/20,2400,鵝,禽場
H5N8,雲林縣,臺西鄉,23.7229,120.237,2015/1/20,3000,鵝,禽場
H5N8,雲林縣,四湖鄉,23.617,120.237,2015/1/20,2700,鵝,禽場
H5N8,雲林縣,東勢鄉,23.6748,120.25,2015/1/20,2400,鵝,禽場
H5N8,雲林縣,東勢鄉,23.719,120.269,2015/1/20,1250,鵝,禽場
H5N8,雲林縣,東勢鄉,23.6999,120.268,2015/1/20,5800,鵝,禽場
H5N8,雲林縣,臺西鄉,23.6759,120.189,2015/1/20,2450,鵝,禽場
H5N8,雲林縣,臺西鄉,23.7266,120.24,2015/1/20,1100,鵝,禽場
H5N8,臺南市,官田區,23.1536,120.346,2015/1/20,2000,鴨,禽場
H5N8,臺南市,下營區,23.2342,120.285,2015/1/20,2400,鵝,禽場
H5N8,臺南市,下營區,23.2328,120.289,2015/1/20,2800,鵝,禽場
H5N8,臺南市,下營區,23.2252,120.255,2015/1/20,950,鵝,禽場
H5N8,屏東縣,萬丹鄉,22.5835,120.476,2015/1/20,2500,鵝,禽場
H5N8,臺南市,下營區,23.2041,120.254,2015/1/20,2650,鵝,禽場
H5N8,臺南市,麻豆區,23.2082,120.213,2015/1/20,2260,鵝,禽場
H5N8,嘉義縣,溪口鄉,23.6036,120.4,2015/1/20,677,鵝,屠宰場
H5N8,彰化縣,大城鄉,23.8527,120.308,2015/1/21,2200,鵝,禽場
H5N8,雲林縣,斗南鎮,23.6794,120.488,2015/1/21,4100,鵝,禽場
H5N8,雲林縣,東勢鄉,23.7208,120.256,2015/1/21,2500,鵝,禽場
H5N8,雲林縣,臺西鄉,23.7228,120.24,2015/1/21,4900,鵝,禽場
H5N8,雲林縣,臺西鄉,23.7411,120.23,2015/1/21,3600,鵝,禽場
H5N8,雲林縣,臺西鄉,23.7256,120.226,2015/1/21,3469,鵝,禽場
H5N8,雲林縣,臺西鄉,23.7484,120.221,2015/1/21,7600,鴨,禽場
H5N8,雲林縣,麥寮鄉,23.784,120.244,2015/1/21,5303,鵝,禽場
H5N8,雲林縣,麥寮鄉,23.7378,120.252,2015/1/21,3400,鵝,禽場
H5N8,雲林縣,東勢鄉,23.6995,120.267,2015/1/21,5000,鵝,禽場
H5N8,雲林縣,臺西鄉,23.6729,120.198,2015/1/21,4100,鵝,禽場
H5N8,雲林縣,臺西鄉,23.6747,120.194,2015/1/21,1100,鵝,禽場
H5N8,雲林縣,麥寮鄉,23.7861,120.245,2015/1/21,5300,鵝,禽場
H5N8,雲林縣,麥寮鄉,23.7439,120.271,2015/1/21,4800,鵝,禽場
H5N8,雲林縣,麥寮鄉,23.778,120.233,2015/1/21,3000,鵝,禽場
H5N8,雲林縣,口湖鄉,23.6345,120.164,2015/1/21,3600,鵝,禽場
H5N8,嘉義縣,六腳鄉,23.5045,120.266,2015/1/21,2520,鵝,禽場
H5N8,嘉義縣,民雄鄉,23.5668,120.425,2015/1/21,2800,鵝,禽場
H5N8,臺南市,官田區,22.6179,120.509,2015/1/21,7716,鵝,禽場
H5N8,臺南市,官田區,23.2129,120.297,2015/1/21,1400,鴨,禽場
H5N8,雲林縣,麥寮鄉,23.7654,120.231,2015/1/21,400,鵝,禽場
H5N8,嘉義縣,新港鄉,23.514023,120.326863,2015/1/21,13600,雞,禽場
H5N8,雲林縣,臺西鄉,23.7561,120.225,2015/1/21,3500,鵝,禽場
H5N8,雲林縣,四湖鄉,23.6643,120.195,2015/1/22,3500,鵝,禽場
H5N8,臺南市,新市區,23.0866,120.326,2015/1/22,5420,鵝,禽場
H5N8,雲林縣,東勢鄉,23.6839,120.263,2015/1/22,3600,鵝,禽場
H5N8,雲林縣,東勢鄉,23.6933,120.266,2015/1/22,2700,鵝,禽場
H5N8,雲林縣,東勢鄉,23.7213,120.261,2015/1/22,3800,鵝,禽場
H5N8,雲林縣,臺西鄉,23.6738,120.195,2015/1/22,2500,鵝,禽場
H5N8,雲林縣,四湖鄉,23.6607,120.171,2015/1/22,5300,鵝,禽場
H5N8,嘉義縣,新港鄉,23.529,120.372,2015/1/22,5790,鵝,禽場
H5N8,臺南市,下營區,23.2089,120.284,2015/1/22,2345,鵝,禽場
H5N8,臺南市,麻豆區,23.2018,120.213,2015/1/22,1100,鵝,禽場
H5N8,臺南市,麻豆區,23.209,120.243,2015/1/22,1400,鵝,禽場
H5N8,高雄市,阿蓮區,22.8933,120.288,2015/1/22,4860,鵝,禽場
H5N8,雲林縣,臺西鄉,23.728287,120.234862,2015/1/23,8120,鵝,禽場
H5N8,雲林縣,東勢鄉,23.704411,120.260958,2015/1/23,1950,鵝,禽場
H5N8,雲林縣,東勢鄉,23.70655,120.24079,2015/1/23,6000,鵝,禽場
H5N8,彰化縣,大城鄉,23.841937,120.360608,2015/1/23,2560,鵝,禽場
H5N8,雲林縣,褒忠鄉,23.704638,120.291166,2015/1/23,2400,鵝,禽場
H5N8,雲林縣,麥寮鄉,23.757299,120.238071,2015/1/23,2520,鴨,禽場
H5N8,嘉義縣,溪口鄉,23.574277,120.408778,2015/1/23,2500,鵝,禽場
H5N8,臺南市,新市區,23.69634,120.3391,2015/1/23,2070,鵝,禽場
H5N8,彰化縣,大城鄉,23.85175,120.312417,2015/1/24,3500,鵝,禽場
H5N8,雲林縣,東勢鄉,23.693313,120.245038,2015/1/24,5300,鵝,禽場
H5N8,雲林縣,元長鄉,23.647277,120.301052,2015/1/24,4800,鵝,禽場
H5N8,雲林縣,元長鄉,23.641968,120.302647,2015/1/24,2460,鵝,禽場
H5N8,臺南市,將軍區,23.19878,120.1413,2015/1/24,1725,鵝,禽場
H5N8,臺南市,學甲區,23.2215,120.2006,2015/1/24,4500,鵝,禽場
H5N8,臺南市,山上區,23.1123,120.322,2015/1/24,4850,鵝,禽場
H5N8,雲林縣,東勢鄉,23.711611,120.264553,2015/1/24,1000,鴨,禽場
H5N8,雲林縣,元長鄉,23.6355,120.321,2015/1/25,7810,鴨,禽場
H5N8,雲林縣,元長鄉,23.6277,120.311,2015/1/25,5600,鴨,禽場
H5N8,雲林縣,元長鄉,23.645,120.303,2015/1/25,3500,鵝,禽場
H5N8,雲林縣,元長鄉,23.6515,120.317,2015/1/25,2500,鵝,禽場
H5N8,雲林縣,元長鄉,23.6385,120.306,2015/1/25,4780,鵝,禽場
H5N8,雲林縣,臺西鄉,23.676,120.191,2015/1/25,1000,鵝,禽場
H5N8,雲林縣,臺西鄉,23.6787,120.192,2015/1/25,2500,鵝,禽場
H5N8,雲林縣,臺西鄉,23.7167,120.211,2015/1/25,2520,鵝,禽場
H5N8,雲林縣,東勢鄉,23.7065,120.268,2015/1/25,8080,鵝,禽場
H5N8,雲林縣,東勢鄉,23.7069,120.277,2015/1/25,2400,鵝,禽場
H5N8,嘉義縣,朴子市,23.4552,120.241,2015/1/25,4800,鵝,禽場
H5N8,嘉義縣,朴子市,23.4352,120.242,2015/1/25,1865,鴨,禽場
H5N8,臺南市,麻豆區,23.2102,120.206,2015/1/25,4110,鵝,禽場
H5N8,雲林縣,東勢鄉,23.7032,120.262,2015/1/26,5378,鵝,禽場
H5N8,雲林縣,元長鄉,23.6545,120.304,2015/1/26,2355,鵝,禽場
H5N8,雲林縣,元長鄉,23.6362,120.321,2015/1/26,1260,鵝,禽場
H5N8,雲林縣,元長鄉,23.6242,120.304,2015/1/26,2400,鵝,禽場
H5N8,雲林縣,東勢鄉,23.7118,120.28,2015/1/26,3000,鵝,禽場
H5N8,雲林縣,麥寮鄉,23.7371,120.251,2015/1/26,3000,鵝,禽場
H5N8,雲林縣,四湖鄉,23.65102,120.16156,2015/1/27,1880,鵝,禽場
H5N8,雲林縣,四湖鄉,23.61712,120.23058,2015/1/27,10550,鵝,禽場
H5N8,臺南市,佳里區,23.20336,120.19328,2015/1/27,15000,雞,禽場
H5N8,臺南市,仁德區,22.95122,120.26638,2015/1/27,6000,鵝,禽場
H5N8,雲林縣,元長鄉,23.6299,120.30195,2015/1/28,1400,鵝,禽場
H5N8,雲林縣,元長鄉,23.632946,120.310724,2015/1/28,4140,鵝,禽場
H5N8,臺南市,學甲區,23.21441,120.19464,2015/1/28,18300,雞,禽場
H5N8,臺南市,下營區,23.21044,120.26931,2015/1/28,2520,鵝,禽場
H5N8,臺南市,官田區,23.19264,120.30519,2015/1/28,3300,鵝,禽場
H5N8,高雄市,路竹區,22.892417,120.264442,2015/1/28,2200,鵝,禽場
H5N8,雲林縣,土庫鎮,23.70528,120.3655,2015/1/29,1400,鵝,禽場
H5N8,臺南市,後壁區,23.37233,120.34104,2015/1/29,2010,鵝,禽場
H5N8,臺南市,下營區,23.25796,120.25795,2015/1/29,8350,鵝,禽場
H5N8,臺南市,將軍區,23.19901,120.14141,2015/1/29,1900,鵝,禽場
H5N8,臺南市,新市區,23.08494,120.32642,2015/1/29,7300,鵝,禽場
H5N8,雲林縣,元長鄉,23.6508,120.318,2015/1/30,3600,鵝,禽場
H5N8,雲林縣,水林鄉,23.5574,120.23,2015/1/30,1350,鵝,禽場
H5N8,雲林縣,東勢鄉,23.6831,120.263,2015/1/30,2520,鵝,禽場
H5N8,雲林縣,東勢鄉,23.6795,120.274,2015/1/30,1314,鵝,禽場
H5N8,雲林縣,東勢鄉,23.7213,120.256,2015/1/30,3600,鵝,禽場
H5N8,雲林縣,臺西鄉,23.6772,120.191,2015/1/30,1200,鵝,禽場
H5N8,雲林縣,臺西鄉,23.6764,120.19,2015/1/30,1280,鵝,禽場
H5N8,高雄市,路竹區,22.8581,120.288,2015/1/30,2700,鵝,禽場
H5N8,高雄市,阿蓮區,22.8665,120.299,2015/1/30,2400,鵝,禽場
H5N8,雲林縣,元長鄉,23.641,120.315,2015/1/31,6200,鵝,禽場
H5N8,雲林縣,元長鄉,23.634,120.322,2015/1/31,2450,鵝,禽場
H5N8,嘉義縣,朴子市,23.4541,120.267,2015/1/31,10100,鴨,禽場
H5N8,高雄市,阿蓮區,22.8959,120.285,2015/1/31,3320,鵝,禽場
H5N8,屏東縣,鹽埔鄉,22.7511,120.542,2015/1/31,5900,鵝,禽場
H5N8,雲林縣,元長鄉,23.632905,120.316396,2015/2/1,2440,鵝,禽場
H5N8,雲林縣,水林鄉,23.60052,120.24727,2015/2/1,3000,火雞,禽場
H5N8,臺南市,新市區,23.08872,120.32722,2015/2/1,3300,鴨,禽場
H5N8,臺南市,新化區,23.07835,120.33738,2015/2/2,3740,鵝,禽場
H5N8,雲林縣,崙背鄉,23.74417,120.36467,2015/2/2,7200,鵝,禽場
H5N8,雲林縣,元長鄉,23.641722,120.321371,2015/2/2,2400,鵝,禽場
H5N8,雲林縣,臺西鄉,23.6788,120.19051,2015/2/2,1100,鵝,禽場
H5N8,臺南市,學甲區,23.22371,120.18529,2015/2/2,8970,鵝,禽場
H5N8,南投縣,竹山鎮,23.6886,120.655,2015/2/3,3600,鵝,禽場
H5N8,雲林縣,土庫鎮,23.7418,120.367,2015/2/3,2520,鵝,禽場
H5N8,臺南市,麻豆區,23.1994,120.214,2015/2/3,3600,雞,禽場
H5N8,臺南市,學甲區,23.2177,120.21,2015/2/3,2600,鵝,禽場
H5N8,苗栗縣,竹南鎮,24.7248,120.872,2015/2/4,1700,雞,禽場
H5N8,雲林縣,四湖鄉,23.6419,120.151,2015/2/4,4000,鵝,禽場
H5N8,雲林縣,四湖鄉,23.6727,120.187,2015/2/4,2520,鵝,禽場
H5N8,嘉義縣,朴子市,23.4521,120.262,2015/2/4,2680,鵝,禽場
H5N8,嘉義縣,義竹鄉,23.3684,120.267,2015/2/4,2593,鵝,禽場
H5N8,臺南市,關廟區,22.9889,120.307,2015/2/4,10000,鴨,禽場
H5N8,雲林縣,麥寮鄉,23.7447,120.271,2015/2/4,4800,鵝,禽場
H5N8,雲林縣,土庫鎮,23.7433,120.3697,2015/2/5,2400,鵝,禽場
H5N8,嘉義縣,新港鄉,23.521327,120.36988,2015/2/6,5600,鵝,禽場
H5N8,臺南市,學甲區,23.23769,120.20624,2015/2/6,7480,火雞,禽場
H5N8,雲林縣,褒忠鄉,23.715068,120.3233,2015/2/7,6100,鵝,禽場
H5N8,嘉義縣,鹿草鄉,23.39239,120.27345,2015/2/9,2610,鵝,禽場
H5N8,雲林縣,元長鄉,23.6442,120.315,2015/2/12,3000,鵝,禽場
H5N8,南投縣,竹山鎮,23.731332,120.66219,2015/2/13,8600,鵝,禽場
H5N8,南投縣,竹山鎮,23.732881,120.6603,2015/2/13,3400,鵝,禽場
H5N8,雲林縣,崙背鄉,23.79578,120.31005,2015/2/16,14500,雞,禽場
H5N8,臺南市,將軍區,23.20711,120.13924,2015/2/18,16000,雞,禽場
H5N8,雲林縣,土庫鎮,23.7398,120.368,2015/2/21,2500,鵝,禽場
H5N8,臺南市,歸仁區,23.2488,120.293,2015/2/21,1250,火雞,禽場
H5N8,雲林縣,元長鄉,23.6392,120.302,2015/3/1,26050,雞,禽場
H5N8,屏東縣,新園鄉,22.5316,120.446,2015/3/3,1800,鵝,禽場
H5N8,雲林縣,斗南鎮,23.673,120.443,2015/3/5,2400,鵝,禽場
H5N8,雲林縣,東勢鄉,23.6775,120.29,2015/4/10,5740,鵝,禽場
H5N8,彰化縣,芳苑鄉,23.9545,120.36,2015/4/16,1400,鵝,禽場
H5N8,雲林縣,麥寮鄉,23.7831,120.245,2015/4/21,12650,雞,禽場
H5N8,雲林縣,麥寮鄉,23.7578,120.247,2015/4/21,21300,雞,禽場
H5N8,雲林縣,元長鄉,23.6778,120.288,2015/4/23,2600,鵝,禽場
H5N8,彰化縣,大城鄉,23.8501,120.285,2015/4/23,7030,雞,禽場
H5N8,彰化縣,大城鄉,23.8599,120.287,2015/4/23,51380,雞,禽場
H5N8,彰化縣,大城鄉,23.8593,120.28,2015/4/24,19860,雞,禽場
H5N8,彰化縣,大城鄉,23.8592,120.277,2015/4/24,15200,雞,禽場
H5N8,雲林縣,斗六市,23.7235,120.593,2015/5/4,2480,雞,屠宰場
H5N8,屏東縣,鹽埔鄉,22.7366,120.529,2015/5/5,2400,鵝,禽場
H5N8,彰化縣,大城鄉,23.8511,120.305,2015/5/16,12000,雞,禽場
H5N8,彰化縣,大城鄉,23.8496,120.309,2015/6/20,16700,雞,禽場
H5N8,雲林縣,四湖鄉,23.6478,120.191,2015/7/28,11653,鴨,禽場
H5N8,嘉義縣,朴子市,23.454,120.263,2015/8/25,7000,鴨,禽場
H5N8,嘉義縣,朴子市,23.4476,120.24309,2015/9/14,1200,鵝,禽場
H5N8,臺南市,下營區,23.2308,120.28309,2015/9/14,1800,鵝,禽場
H5N8,屏東縣,長治鄉,22.6897,120.572,2015/12/7,10000,鴨,禽場
H5N8,嘉義縣,大林鎮,23.621,120.505,2015/12/21,1080,鵝,禽場
H5N8,高雄市,鳳山區,22.6336,120.364,2015/12/24,311,雞,屠宰場
H5N8,高雄市,鳳山區,22.611,120.348,2016/1/22,426,雞,屠宰場
H5N8,屏東縣,鹽埔鄉,22.7689,120.5626,2016/1/30,1200,鵝,禽場
H5N8,雲林縣,麥寮鄉,23.7615,120.245,2016/2/23,20350,雞,禽場
H5N8,高雄市,鳳山區,22.633621,120.36407,2016/3/15,677,雞,屠宰場
H5N8,高雄市,大寮區,22.6073,120.417,2016/4/6,615,雞,屠宰場
H5N8,臺南市,歸仁區,22.9398,120.288,2016/4/19,1936,鵝,禽場
H5N8,高雄市,大寮區,22.6073,120.417,2016/4/20,1085,雞,屠宰場
H5N8,臺北市,萬華區,25.0302,121.49,2016/6/23,103,雞,屠宰場
H5N8,臺南市,新化區,23.0136,120.316,2016/7/1,2230,鵝,禽場
H5N8,高雄市,鳳山區,22.6336,120.364,2016/7/3,541,雞,屠宰場
H5N8,臺中市,大安區,24.355329,120.579181,2016/11/16,750,雞,屠宰場
H5N8,新北市,泰山區,25.0619895,121.447098,2016/11/24,207,雞,屠宰場
H5N8,南投縣,南投市,22.7490833,120.549444,2016/11/27,2448,雞,屠宰場
H5N8,高雄市,梓官區,22.807541,120.307975,2016/12/8,213,雞,屠宰場
H5N8,臺北市,萬華區,25.03067,121.48937,2016/12/9,61,雞,屠宰場
H5N8,高雄市,鳳山區,22.6326,120.362944,2016/12/17,240,雞,屠宰場
H5N8,臺北市,萬華區,25.0307,121.48937,2016/12/21,74,雞,屠宰場
H5N8,新北市,泰山區,25.0641,121.4466,2016/12/27,388,雞,屠宰場
H5N8,雲林縣,斗南鎮,23.661431,120.504471,2017/1/1,24121,雞,禽場
H5N8,屏東縣,竹田鄉,22.56066667,120.5162778,2017/2/22,2255,鴨,禽場
H5N8,高雄市,杉林區,22.93103056,120.5273194,2017/2/22,5613,鴨,禽場
H5N8,嘉義縣,民雄鄉,23.51914,120.46886,2017/2/25,550,火雞,禽場
H5N8,屏東縣,枋寮鄉,22.42002778,120.5759167,2017/2/27,1456,鴨,禽場
H5N8,臺南市,關廟區,22.90019,120.3385,2017/2/27,22000,雞,禽場
H5N8,雲林縣,林內鄉,23.77076,120.58278,2017/3/1,16408,鴨,禽場
H5N8,雲林縣,莿桐鄉,23.72965,120.50512,2017/3/1,15418,鴨,禽場
H5N8,屏東縣,竹田鄉,22.55602778,120.5194167,2017/3/5,1896,鴨,禽場
H5N8,高雄市,路竹區,22.876936,120.295828,2017/3/6,11522,雞,禽場
H5N8,臺南市,關廟區,22.8997,120.3327,2017/3/23,8879,雞,禽場
H5N8,臺北市,萬華區,25.030189,121.489521,2017/5/6,204,雞,屠宰場
H5N8,臺北市,萬華區,25.030189,121.489521,2017/5/7,100,雞,屠宰場
H5N8,新北市,泰山區,25.06313,121.44624,2017/5/7,27,雞,屠宰場
H5N8,高雄市,鳳山區,22.633621,120.364069,2017/5/17,336,雞,屠宰場
H5N8,臺南市,下營區,23.242137,120.282777,2017/6/19,6796,鴨,禽場
H5N8,屏東縣,鹽埔鄉,22.743333,120.542389,2017/6/29,2732,鴨,禽場
